WARNING 2026-07-22 14:19:39,743 log 5616 8112 Not Found: /favicon.ico
WARNING 2026-07-22 14:19:39,782 log 5616 8112 "GET /favicon.ico HTTP/1.1" 404 5148
ERROR 2026-07-22 14:21:26,570 log 5616 8112 Internal Server Error: /forums/
Traceback (most recent call last):
  File "C:\Users\CS\venv\Lib\site-packages\django\core\handlers\exception.py", line 55, in inner
    response = get_response(request)
  File "C:\Users\CS\venv\Lib\site-packages\django\core\handlers\base.py", line 198, in _get_response
    response = wrapped_callback(request, *callback_args, **callback_kwargs)
  File "C:\Users\CS\OneDrive\Desktop\PROJECTS\kmpn\forums\views.py", line 46, in forum_list
    threads = threads.order_by(sort_by)
  File "C:\Users\CS\venv\Lib\site-packages\django\db\models\query.py", line 1772, in order_by
    obj.query.add_ordering(*field_names)
    ~~~~~~~~~~~~~~~~~~~~~~^^^^^^^^^^^^^^
  File "C:\Users\CS\venv\Lib\site-packages\django\db\models\sql\query.py", line 2343, in add_ordering
    self.names_to_path(item.split(LOOKUP_SEP), self.model._meta)
    ~~~~~~~~~~~~~~~~~~^^^^^^^^^^^^^^^^^^^^^^^^^^^^^^^^^^^^^^^^^^
  File "C:\Users\CS\venv\Lib\site-packages\django\db\models\sql\query.py", line 1842, in names_to_path
    raise FieldError(
    ...<2 lines>...
    )
django.core.exceptions.FieldError: Cannot resolve keyword '' into field. Choices are: author, author_id, category, category_id, content, created_at, id, is_locked, is_sticky, last_activity, like_count, likes, replies, reply_count, reports, status, tags, title, updated_at, view_count
ERROR 2026-07-22 14:21:26,582 log 5616 8112 "GET /forums/ HTTP/1.1" 500 100102
ERROR 2026-07-22 14:35:51,906 log 7444 8604 Internal Server Error: /accounts/register/
Traceback (most recent call last):
  File "C:\Users\CS\venv\Lib\site-packages\django\core\handlers\exception.py", line 55, in inner
    response = get_response(request)
  File "C:\Users\CS\venv\Lib\site-packages\django\core\handlers\base.py", line 198, in _get_response
    response = wrapped_callback(request, *callback_args, **callback_kwargs)
  File "C:\Users\CS\OneDrive\Desktop\PROJECTS\kmpn\accounts\views.py", line 69, in register
    return render(request, 'accounts/register.html', context)
  File "C:\Users\CS\venv\Lib\site-packages\django\shortcuts.py", line 25, in render
    content = loader.render_to_string(template_name, context, request, using=using)
  File "C:\Users\CS\venv\Lib\site-packages\django\template\loader.py", line 62, in render_to_string
    return template.render(context, request)
           ~~~~~~~~~~~~~~~^^^^^^^^^^^^^^^^^^
  File "C:\Users\CS\venv\Lib\site-packages\django\template\backends\django.py", line 107, in render
    return self.template.render(context)
           ~~~~~~~~~~~~~~~~~~~~^^^^^^^^^
  File "C:\Users\CS\venv\Lib\site-packages\django\template\base.py", line 174, in render
    return self._render(context)
           ~~~~~~~~~~~~^^^^^^^^^
  File "C:\Users\CS\venv\Lib\site-packages\django\template\base.py", line 166, in _render
    return self.nodelist.render(context)
           ~~~~~~~~~~~~~~~~~~~~^^^^^^^^^
  File "C:\Users\CS\venv\Lib\site-packages\django\template\base.py", line 1091, in render
    return SafeString("".join([node.render_annotated(context) for node in self]))
                               ~~~~~~~~~~~~~~~~~~~~~^^^^^^^^^
  File "C:\Users\CS\venv\Lib\site-packages\django\template\base.py", line 1052, in render_annotated
    return self.render(context)
           ~~~~~~~~~~~^^^^^^^^^
  File "C:\Users\CS\venv\Lib\site-packages\django\template\loader_tags.py", line 160, in render
    return compiled_parent._render(context)
           ~~~~~~~~~~~~~~~~~~~~~~~^^^^^^^^^
  File "C:\Users\CS\venv\Lib\site-packages\django\template\base.py", line 166, in _render
    return self.nodelist.render(context)
           ~~~~~~~~~~~~~~~~~~~~^^^^^^^^^
  File "C:\Users\CS\venv\Lib\site-packages\django\template\base.py", line 1091, in render
    return SafeString("".join([node.render_annotated(context) for node in self]))
                               ~~~~~~~~~~~~~~~~~~~~~^^^^^^^^^
  File "C:\Users\CS\venv\Lib\site-packages\django\template\base.py", line 1052, in render_annotated
    return self.render(context)
           ~~~~~~~~~~~^^^^^^^^^
  File "C:\Users\CS\venv\Lib\site-packages\django\template\loader_tags.py", line 66, in render
    result = block.nodelist.render(context)
  File "C:\Users\CS\venv\Lib\site-packages\django\template\base.py", line 1091, in render
    return SafeString("".join([node.render_annotated(context) for node in self]))
                               ~~~~~~~~~~~~~~~~~~~~~^^^^^^^^^
  File "C:\Users\CS\venv\Lib\site-packages\django\template\base.py", line 1052, in render_annotated
    return self.render(context)
           ~~~~~~~~~~~^^^^^^^^^
  File "C:\Users\CS\venv\Lib\site-packages\django\template\library.py", line 325, in render
    output = self.func(*resolved_args, **resolved_kwargs)
  File "C:\Users\CS\venv\Lib\site-packages\allauth\socialaccount\templatetags\socialaccount.py", line 25, in provider_login_url
    provider = adapter.get_provider(request, provider)
  File "C:\Users\CS\venv\Lib\site-packages\allauth\socialaccount\adapter.py", line 234, in get_provider
    app = self.get_app(request, provider=provider, client_id=client_id)
  File "C:\Users\CS\venv\Lib\site-packages\allauth\socialaccount\adapter.py", line 326, in get_app
    raise SocialApp.DoesNotExist()
allauth.socialaccount.models.SocialApp.DoesNotExist
ERROR 2026-07-22 14:35:51,940 log 7444 8604 "GET /accounts/register/ HTTP/1.1" 500 194215
ERROR 2026-07-22 14:45:35,113 log 5408 812 Internal Server Error: /
Traceback (most recent call last):
  File "C:\Users\CS\venv\Lib\site-packages\django\core\handlers\exception.py", line 55, in inner
    response = get_response(request)
  File "C:\Users\CS\venv\Lib\site-packages\django\core\handlers\base.py", line 221, in _get_response
    response = response.render()
  File "C:\Users\CS\venv\Lib\site-packages\django\template\response.py", line 114, in render
    self.content = self.rendered_content
                   ^^^^^^^^^^^^^^^^^^^^^
  File "C:\Users\CS\venv\Lib\site-packages\django\template\response.py", line 92, in rendered_content
    return template.render(context, self._request)
           ~~~~~~~~~~~~~~~^^^^^^^^^^^^^^^^^^^^^^^^
  File "C:\Users\CS\venv\Lib\site-packages\django\template\backends\django.py", line 107, in render
    return self.template.render(context)
           ~~~~~~~~~~~~~~~~~~~~^^^^^^^^^
  File "C:\Users\CS\venv\Lib\site-packages\django\template\base.py", line 174, in render
    return self._render(context)
           ~~~~~~~~~~~~^^^^^^^^^
  File "C:\Users\CS\venv\Lib\site-packages\django\template\base.py", line 166, in _render
    return self.nodelist.render(context)
           ~~~~~~~~~~~~~~~~~~~~^^^^^^^^^
  File "C:\Users\CS\venv\Lib\site-packages\django\template\base.py", line 1091, in render
    return SafeString("".join([node.render_annotated(context) for node in self]))
                               ~~~~~~~~~~~~~~~~~~~~~^^^^^^^^^
  File "C:\Users\CS\venv\Lib\site-packages\django\template\base.py", line 1052, in render_annotated
    return self.render(context)
           ~~~~~~~~~~~^^^^^^^^^
  File "C:\Users\CS\venv\Lib\site-packages\django\template\loader_tags.py", line 160, in render
    return compiled_parent._render(context)
           ~~~~~~~~~~~~~~~~~~~~~~~^^^^^^^^^
  File "C:\Users\CS\venv\Lib\site-packages\django\template\base.py", line 166, in _render
    return self.nodelist.render(context)
           ~~~~~~~~~~~~~~~~~~~~^^^^^^^^^
  File "C:\Users\CS\venv\Lib\site-packages\django\template\base.py", line 1091, in render
    return SafeString("".join([node.render_annotated(context) for node in self]))
                               ~~~~~~~~~~~~~~~~~~~~~^^^^^^^^^
  File "C:\Users\CS\venv\Lib\site-packages\django\template\base.py", line 1052, in render_annotated
    return self.render(context)
           ~~~~~~~~~~~^^^^^^^^^
  File "C:\Users\CS\venv\Lib\site-packages\django\template\defaulttags.py", line 333, in render
    return nodelist.render(context)
           ~~~~~~~~~~~~~~~^^^^^^^^^
  File "C:\Users\CS\venv\Lib\site-packages\django\template\base.py", line 1091, in render
    return SafeString("".join([node.render_annotated(context) for node in self]))
                               ~~~~~~~~~~~~~~~~~~~~~^^^^^^^^^
  File "C:\Users\CS\venv\Lib\site-packages\django\template\base.py", line 1052, in render_annotated
    return self.render(context)
           ~~~~~~~~~~~^^^^^^^^^
  File "C:\Users\CS\venv\Lib\site-packages\django\template\defaulttags.py", line 511, in render
    url = reverse(view_name, args=args, kwargs=kwargs, current_app=current_app)
  File "C:\Users\CS\venv\Lib\site-packages\django\urls\base.py", line 98, in reverse
    resolved_url = resolver._reverse_with_prefix(view, prefix, *args, **kwargs)
  File "C:\Users\CS\venv\Lib\site-packages\django\urls\resolvers.py", line 842, in _reverse_with_prefix
    raise NoReverseMatch(msg)
django.urls.exceptions.NoReverseMatch: Reverse for 'my_events' not found. 'my_events' is not a valid view function or pattern name.
ERROR 2026-07-22 14:45:35,205 log 5408 812 "GET / HTTP/1.1" 500 171202
ERROR 2026-07-22 14:45:40,443 log 5408 1108 Internal Server Error: /admin/accounts/user/
Traceback (most recent call last):
  File "C:\Users\CS\venv\Lib\site-packages\django\db\models\options.py", line 684, in get_field
    return self.fields_map[field_name]
           ~~~~~~~~~~~~~~~^^^^^^^^^^^^
KeyError: 'member_status_badge'

During handling of the above exception, another exception occurred:

Traceback (most recent call last):
  File "C:\Users\CS\venv\Lib\site-packages\django\contrib\admin\utils.py", line 293, in lookup_field
    f = _get_non_gfk_field(opts, name)
  File "C:\Users\CS\venv\Lib\site-packages\django\contrib\admin\utils.py", line 333, in _get_non_gfk_field
    field = opts.get_field(name)
  File "C:\Users\CS\venv\Lib\site-packages\django\db\models\options.py", line 686, in get_field
    raise FieldDoesNotExist(
        "%s has no field named '%s'" % (self.object_name, field_name)
    )
django.core.exceptions.FieldDoesNotExist: User has no field named 'member_status_badge'

During handling of the above exception, another exception occurred:

Traceback (most recent call last):
  File "C:\Users\CS\venv\Lib\site-packages\django\core\handlers\exception.py", line 55, in inner
    response = get_response(request)
  File "C:\Users\CS\venv\Lib\site-packages\django\core\handlers\base.py", line 221, in _get_response
    response = response.render()
  File "C:\Users\CS\venv\Lib\site-packages\django\template\response.py", line 114, in render
    self.content = self.rendered_content
                   ^^^^^^^^^^^^^^^^^^^^^
  File "C:\Users\CS\venv\Lib\site-packages\django\template\response.py", line 92, in rendered_content
    return template.render(context, self._request)
           ~~~~~~~~~~~~~~~^^^^^^^^^^^^^^^^^^^^^^^^
  File "C:\Users\CS\venv\Lib\site-packages\django\template\backends\django.py", line 107, in render
    return self.template.render(context)
           ~~~~~~~~~~~~~~~~~~~~^^^^^^^^^
  File "C:\Users\CS\venv\Lib\site-packages\django\template\base.py", line 174, in render
    return self._render(context)
           ~~~~~~~~~~~~^^^^^^^^^
  File "C:\Users\CS\venv\Lib\site-packages\django\template\base.py", line 166, in _render
    return self.nodelist.render(context)
           ~~~~~~~~~~~~~~~~~~~~^^^^^^^^^
  File "C:\Users\CS\venv\Lib\site-packages\django\template\base.py", line 1091, in render
    return SafeString("".join([node.render_annotated(context) for node in self]))
                               ~~~~~~~~~~~~~~~~~~~~~^^^^^^^^^
  File "C:\Users\CS\venv\Lib\site-packages\django\template\base.py", line 1052, in render_annotated
    return self.render(context)
           ~~~~~~~~~~~^^^^^^^^^
  File "C:\Users\CS\venv\Lib\site-packages\django\template\loader_tags.py", line 160, in render
    return compiled_parent._render(context)
           ~~~~~~~~~~~~~~~~~~~~~~~^^^^^^^^^
  File "C:\Users\CS\venv\Lib\site-packages\django\template\base.py", line 166, in _render
    return self.nodelist.render(context)
           ~~~~~~~~~~~~~~~~~~~~^^^^^^^^^
  File "C:\Users\CS\venv\Lib\site-packages\django\template\base.py", line 1091, in render
    return SafeString("".join([node.render_annotated(context) for node in self]))
                               ~~~~~~~~~~~~~~~~~~~~~^^^^^^^^^
  File "C:\Users\CS\venv\Lib\site-packages\django\template\base.py", line 1052, in render_annotated
    return self.render(context)
           ~~~~~~~~~~~^^^^^^^^^
  File "C:\Users\CS\venv\Lib\site-packages\django\template\loader_tags.py", line 160, in render
    return compiled_parent._render(context)
           ~~~~~~~~~~~~~~~~~~~~~~~^^^^^^^^^
  File "C:\Users\CS\venv\Lib\site-packages\django\template\base.py", line 166, in _render
    return self.nodelist.render(context)
           ~~~~~~~~~~~~~~~~~~~~^^^^^^^^^
  File "C:\Users\CS\venv\Lib\site-packages\django\template\base.py", line 1091, in render
    return SafeString("".join([node.render_annotated(context) for node in self]))
                               ~~~~~~~~~~~~~~~~~~~~~^^^^^^^^^
  File "C:\Users\CS\venv\Lib\site-packages\django\template\base.py", line 1052, in render_annotated
    return self.render(context)
           ~~~~~~~~~~~^^^^^^^^^
  File "C:\Users\CS\venv\Lib\site-packages\django\template\loader_tags.py", line 66, in render
    result = block.nodelist.render(context)
  File "C:\Users\CS\venv\Lib\site-packages\django\template\base.py", line 1091, in render
    return SafeString("".join([node.render_annotated(context) for node in self]))
                               ~~~~~~~~~~~~~~~~~~~~~^^^^^^^^^
  File "C:\Users\CS\venv\Lib\site-packages\django\template\base.py", line 1052, in render_annotated
    return self.render(context)
           ~~~~~~~~~~~^^^^^^^^^
  File "C:\Users\CS\venv\Lib\site-packages\django\template\loader_tags.py", line 66, in render
    result = block.nodelist.render(context)
  File "C:\Users\CS\venv\Lib\site-packages\django\template\base.py", line 1091, in render
    return SafeString("".join([node.render_annotated(context) for node in self]))
                               ~~~~~~~~~~~~~~~~~~~~~^^^^^^^^^
  File "C:\Users\CS\venv\Lib\site-packages\django\template\base.py", line 1052, in render_annotated
    return self.render(context)
           ~~~~~~~~~~~^^^^^^^^^
  File "C:\Users\CS\venv\Lib\site-packages\django\contrib\admin\templatetags\base.py", line 47, in render
    return super().render(context)
           ~~~~~~~~~~~~~~^^^^^^^^^
  File "C:\Users\CS\venv\Lib\site-packages\django\template\library.py", line 363, in render
    _dict = self.func(*resolved_args, **resolved_kwargs)
  File "C:\Users\CS\venv\Lib\site-packages\django\contrib\admin\templatetags\admin_list.py", line 357, in result_list
    "results": list(results(cl)),
               ~~~~^^^^^^^^^^^^^
  File "C:\Users\CS\venv\Lib\site-packages\django\contrib\admin\templatetags\admin_list.py", line 333, in results
    yield ResultList(None, items_for_result(cl, res, None))
          ~~~~~~~~~~^^^^^^^^^^^^^^^^^^^^^^^^^^^^^^^^^^^^^^^
  File "C:\Users\CS\venv\Lib\site-packages\django\contrib\admin\templatetags\admin_list.py", line 324, in __init__
    super().__init__(*items)
    ~~~~~~~~~~~~~~~~^^^^^^^^
  File "C:\Users\CS\venv\Lib\site-packages\django\contrib\admin\templatetags\admin_list.py", line 221, in items_for_result
    f, attr, value = lookup_field(field_name, result, cl.model_admin)
                     ~~~~~~~~~~~~^^^^^^^^^^^^^^^^^^^^^^^^^^^^^^^^^^^^
  File "C:\Users\CS\venv\Lib\site-packages\django\contrib\admin\utils.py", line 302, in lookup_field
    value = attr(obj)
  File "C:\Users\CS\OneDrive\Desktop\PROJECTS\kmpn\accounts\admin.py", line 62, in member_status_badge
    return format_html('<span style="color: gray;">Inactive</span>')
  File "C:\Users\CS\venv\Lib\site-packages\django\utils\html.py", line 137, in format_html
    raise TypeError("args or kwargs must be provided.")
TypeError: args or kwargs must be provided.
ERROR 2026-07-22 14:45:40,471 log 5408 1108 "GET /admin/accounts/user/ HTTP/1.1" 500 417102
ERROR 2026-07-22 16:07:55,008 log 7176 4156 Internal Server Error: /accounts/login/
Traceback (most recent call last):
  File "C:\Users\CS\venv\Lib\site-packages\django\core\handlers\exception.py", line 55, in inner
    response = get_response(request)
  File "C:\Users\CS\venv\Lib\site-packages\django\core\handlers\base.py", line 198, in _get_response
    response = wrapped_callback(request, *callback_args, **callback_kwargs)
  File "C:\Users\CS\OneDrive\Desktop\PROJECTS\kmpn\accounts\views.py", line 138, in user_login
    return render(request, 'accounts/login.html', context)
  File "C:\Users\CS\venv\Lib\site-packages\django\shortcuts.py", line 25, in render
    content = loader.render_to_string(template_name, context, request, using=using)
  File "C:\Users\CS\venv\Lib\site-packages\django\template\loader.py", line 62, in render_to_string
    return template.render(context, request)
           ~~~~~~~~~~~~~~~^^^^^^^^^^^^^^^^^^
  File "C:\Users\CS\venv\Lib\site-packages\django\template\backends\django.py", line 107, in render
    return self.template.render(context)
           ~~~~~~~~~~~~~~~~~~~~^^^^^^^^^
  File "C:\Users\CS\venv\Lib\site-packages\django\template\base.py", line 174, in render
    return self._render(context)
           ~~~~~~~~~~~~^^^^^^^^^
  File "C:\Users\CS\venv\Lib\site-packages\django\template\base.py", line 166, in _render
    return self.nodelist.render(context)
           ~~~~~~~~~~~~~~~~~~~~^^^^^^^^^
  File "C:\Users\CS\venv\Lib\site-packages\django\template\base.py", line 1091, in render
    return SafeString("".join([node.render_annotated(context) for node in self]))
                               ~~~~~~~~~~~~~~~~~~~~~^^^^^^^^^
  File "C:\Users\CS\venv\Lib\site-packages\django\template\base.py", line 1052, in render_annotated
    return self.render(context)
           ~~~~~~~~~~~^^^^^^^^^
  File "C:\Users\CS\venv\Lib\site-packages\django\template\loader_tags.py", line 160, in render
    return compiled_parent._render(context)
           ~~~~~~~~~~~~~~~~~~~~~~~^^^^^^^^^
  File "C:\Users\CS\venv\Lib\site-packages\django\template\base.py", line 166, in _render
    return self.nodelist.render(context)
           ~~~~~~~~~~~~~~~~~~~~^^^^^^^^^
  File "C:\Users\CS\venv\Lib\site-packages\django\template\base.py", line 1091, in render
    return SafeString("".join([node.render_annotated(context) for node in self]))
                               ~~~~~~~~~~~~~~~~~~~~~^^^^^^^^^
  File "C:\Users\CS\venv\Lib\site-packages\django\template\base.py", line 1052, in render_annotated
    return self.render(context)
           ~~~~~~~~~~~^^^^^^^^^
  File "C:\Users\CS\venv\Lib\site-packages\django\template\loader_tags.py", line 66, in render
    result = block.nodelist.render(context)
  File "C:\Users\CS\venv\Lib\site-packages\django\template\base.py", line 1091, in render
    return SafeString("".join([node.render_annotated(context) for node in self]))
                               ~~~~~~~~~~~~~~~~~~~~~^^^^^^^^^
  File "C:\Users\CS\venv\Lib\site-packages\django\template\base.py", line 1052, in render_annotated
    return self.render(context)
           ~~~~~~~~~~~^^^^^^^^^
  File "C:\Users\CS\venv\Lib\site-packages\django\template\library.py", line 325, in render
    output = self.func(*resolved_args, **resolved_kwargs)
  File "C:\Users\CS\venv\Lib\site-packages\allauth\socialaccount\templatetags\socialaccount.py", line 25, in provider_login_url
    provider = adapter.get_provider(request, provider)
  File "C:\Users\CS\venv\Lib\site-packages\allauth\socialaccount\adapter.py", line 234, in get_provider
    app = self.get_app(request, provider=provider, client_id=client_id)
  File "C:\Users\CS\venv\Lib\site-packages\allauth\socialaccount\adapter.py", line 326, in get_app
    raise SocialApp.DoesNotExist()
allauth.socialaccount.models.SocialApp.DoesNotExist
ERROR 2026-07-22 16:07:55,172 log 7176 4156 "GET /accounts/login/ HTTP/1.1" 500 181077
ERROR 2026-07-22 16:08:46,863 log 7176 4156 Internal Server Error: /accounts/login/
Traceback (most recent call last):
  File "C:\Users\CS\venv\Lib\site-packages\django\core\handlers\exception.py", line 55, in inner
    response = get_response(request)
  File "C:\Users\CS\venv\Lib\site-packages\django\core\handlers\base.py", line 198, in _get_response
    response = wrapped_callback(request, *callback_args, **callback_kwargs)
  File "C:\Users\CS\OneDrive\Desktop\PROJECTS\kmpn\accounts\views.py", line 138, in user_login
    return render(request, 'accounts/login.html', context)
  File "C:\Users\CS\venv\Lib\site-packages\django\shortcuts.py", line 25, in render
    content = loader.render_to_string(template_name, context, request, using=using)
  File "C:\Users\CS\venv\Lib\site-packages\django\template\loader.py", line 62, in render_to_string
    return template.render(context, request)
           ~~~~~~~~~~~~~~~^^^^^^^^^^^^^^^^^^
  File "C:\Users\CS\venv\Lib\site-packages\django\template\backends\django.py", line 107, in render
    return self.template.render(context)
           ~~~~~~~~~~~~~~~~~~~~^^^^^^^^^
  File "C:\Users\CS\venv\Lib\site-packages\django\template\base.py", line 174, in render
    return self._render(context)
           ~~~~~~~~~~~~^^^^^^^^^
  File "C:\Users\CS\venv\Lib\site-packages\django\template\base.py", line 166, in _render
    return self.nodelist.render(context)
           ~~~~~~~~~~~~~~~~~~~~^^^^^^^^^
  File "C:\Users\CS\venv\Lib\site-packages\django\template\base.py", line 1091, in render
    return SafeString("".join([node.render_annotated(context) for node in self]))
                               ~~~~~~~~~~~~~~~~~~~~~^^^^^^^^^
  File "C:\Users\CS\venv\Lib\site-packages\django\template\base.py", line 1052, in render_annotated
    return self.render(context)
           ~~~~~~~~~~~^^^^^^^^^
  File "C:\Users\CS\venv\Lib\site-packages\django\template\loader_tags.py", line 160, in render
    return compiled_parent._render(context)
           ~~~~~~~~~~~~~~~~~~~~~~~^^^^^^^^^
  File "C:\Users\CS\venv\Lib\site-packages\django\template\base.py", line 166, in _render
    return self.nodelist.render(context)
           ~~~~~~~~~~~~~~~~~~~~^^^^^^^^^
  File "C:\Users\CS\venv\Lib\site-packages\django\template\base.py", line 1091, in render
    return SafeString("".join([node.render_annotated(context) for node in self]))
                               ~~~~~~~~~~~~~~~~~~~~~^^^^^^^^^
  File "C:\Users\CS\venv\Lib\site-packages\django\template\base.py", line 1052, in render_annotated
    return self.render(context)
           ~~~~~~~~~~~^^^^^^^^^
  File "C:\Users\CS\venv\Lib\site-packages\django\template\loader_tags.py", line 66, in render
    result = block.nodelist.render(context)
  File "C:\Users\CS\venv\Lib\site-packages\django\template\base.py", line 1091, in render
    return SafeString("".join([node.render_annotated(context) for node in self]))
                               ~~~~~~~~~~~~~~~~~~~~~^^^^^^^^^
  File "C:\Users\CS\venv\Lib\site-packages\django\template\base.py", line 1052, in render_annotated
    return self.render(context)
           ~~~~~~~~~~~^^^^^^^^^
  File "C:\Users\CS\venv\Lib\site-packages\django\template\library.py", line 325, in render
    output = self.func(*resolved_args, **resolved_kwargs)
  File "C:\Users\CS\venv\Lib\site-packages\allauth\socialaccount\templatetags\socialaccount.py", line 25, in provider_login_url
    provider = adapter.get_provider(request, provider)
  File "C:\Users\CS\venv\Lib\site-packages\allauth\socialaccount\adapter.py", line 234, in get_provider
    app = self.get_app(request, provider=provider, client_id=client_id)
  File "C:\Users\CS\venv\Lib\site-packages\allauth\socialaccount\adapter.py", line 326, in get_app
    raise SocialApp.DoesNotExist()
allauth.socialaccount.models.SocialApp.DoesNotExist
ERROR 2026-07-22 16:08:48,541 log 7176 4156 "GET /accounts/login/ HTTP/1.1" 500 181077
WARNING 2026-07-23 12:54:47,012 log 1892 6812 Not Found: /favicon.ico
WARNING 2026-07-23 12:54:47,224 log 1892 6812 "GET /favicon.ico HTTP/1.1" 404 5148
WARNING 2026-07-23 14:21:21,811 log 8528 7896 Not Found: /.well-known/appspecific/com.chrome.devtools.json
WARNING 2026-07-23 14:21:21,954 log 8528 7896 "GET /.well-known/appspecific/com.chrome.devtools.json HTTP/1.1" 404 5259
WARNING 2026-07-24 15:20:50,909 log 4648 4428 Not Found: /favicon.ico
WARNING 2026-07-24 15:20:51,023 log 4648 4428 "GET /favicon.ico HTTP/1.1" 404 5148
ERROR 2026-07-24 15:25:47,316 log 4648 11588 You're accessing the development server over HTTPS, but it only supports HTTP.
ERROR 2026-07-24 15:25:47,319 log 4648 10748 You're accessing the development server over HTTPS, but it only supports HTTP.
ERROR 2026-07-24 15:25:48,212 log 4648 10268 You're accessing the development server over HTTPS, but it only supports HTTP.
ERROR 2026-07-24 15:25:48,215 log 4648 12072 You're accessing the development server over HTTPS, but it only supports HTTP.
WARNING 2026-07-24 15:32:16,506 log 12152 10324 Not Found: /.well-known/appspecific/com.chrome.devtools.json
WARNING 2026-07-24 15:32:16,593 log 12152 10324 "GET /.well-known/appspecific/com.chrome.devtools.json HTTP/1.1" 404 5259
WARNING 2026-07-24 15:32:49,845 log 12152 10324 Not Found: /.well-known/appspecific/com.chrome.devtools.json
WARNING 2026-07-24 15:32:49,846 log 12152 10324 "GET /.well-known/appspecific/com.chrome.devtools.json HTTP/1.1" 404 5259
WARNING 2026-07-24 15:33:46,458 log 12152 10324 Not Found: /accounts/admin
WARNING 2026-07-24 15:33:46,459 log 12152 10324 "GET /accounts/admin HTTP/1.1" 404 22202
WARNING 2026-07-24 15:37:11,301 log 12152 10736 Forbidden (CSRF token from POST incorrect.): /accounts/login/
WARNING 2026-07-24 15:37:11,607 log 12152 10736 "POST /accounts/login/ HTTP/1.1" 403 2503
WARNING 2026-07-24 15:37:12,406 log 12152 10736 Not Found: /.well-known/appspecific/com.chrome.devtools.json
WARNING 2026-07-24 15:37:12,413 log 12152 10736 "GET /.well-known/appspecific/com.chrome.devtools.json HTTP/1.1" 404 5259
ERROR 2026-07-24 15:37:43,801 log 12152 10736 Internal Server Error: /accounts/login/
Traceback (most recent call last):
  File "C:\Users\CS\venv\Lib\site-packages\django\core\handlers\exception.py", line 55, in inner
    response = get_response(request)
  File "C:\Users\CS\venv\Lib\site-packages\django\core\handlers\base.py", line 198, in _get_response
    response = wrapped_callback(request, *callback_args, **callback_kwargs)
  File "C:\Users\CS\OneDrive\Desktop\PROJECTS\kmpn\accounts\views.py", line 184, in user_login
    return redirect('dashboard_redirect')
  File "C:\Users\CS\venv\Lib\site-packages\django\shortcuts.py", line 51, in redirect
    resolve_url(to, *args, **kwargs),
    ~~~~~~~~~~~^^^^^^^^^^^^^^^^^^^^^
  File "C:\Users\CS\venv\Lib\site-packages\django\shortcuts.py", line 184, in resolve_url
    return reverse(to, args=args, kwargs=kwargs)
  File "C:\Users\CS\venv\Lib\site-packages\django\urls\base.py", line 98, in reverse
    resolved_url = resolver._reverse_with_prefix(view, prefix, *args, **kwargs)
  File "C:\Users\CS\venv\Lib\site-packages\django\urls\resolvers.py", line 842, in _reverse_with_prefix
    raise NoReverseMatch(msg)
django.urls.exceptions.NoReverseMatch: Reverse for 'dashboard_redirect' not found. 'dashboard_redirect' is not a valid view function or pattern name.
ERROR 2026-07-24 15:37:43,818 log 12152 10736 "GET /accounts/login/ HTTP/1.1" 500 103400
WARNING 2026-07-24 15:37:45,172 log 12152 10324 Not Found: /.well-known/appspecific/com.chrome.devtools.json
WARNING 2026-07-24 15:37:45,185 log 12152 10324 "GET /.well-known/appspecific/com.chrome.devtools.json HTTP/1.1" 404 5259
WARNING 2026-07-24 15:37:51,678 log 12152 10324 Not Found: /.well-known/appspecific/com.chrome.devtools.json
WARNING 2026-07-24 15:37:51,682 log 12152 10324 "GET /.well-known/appspecific/com.chrome.devtools.json HTTP/1.1" 404 5259
ERROR 2026-07-24 15:37:57,755 log 12152 10324 Internal Server Error: /accounts/register/
Traceback (most recent call last):
  File "C:\Users\CS\venv\Lib\site-packages\django\core\handlers\exception.py", line 55, in inner
    response = get_response(request)
  File "C:\Users\CS\venv\Lib\site-packages\django\core\handlers\base.py", line 198, in _get_response
    response = wrapped_callback(request, *callback_args, **callback_kwargs)
  File "C:\Users\CS\OneDrive\Desktop\PROJECTS\kmpn\accounts\views.py", line 96, in register
    return redirect('dashboard_redirect')
  File "C:\Users\CS\venv\Lib\site-packages\django\shortcuts.py", line 51, in redirect
    resolve_url(to, *args, **kwargs),
    ~~~~~~~~~~~^^^^^^^^^^^^^^^^^^^^^
  File "C:\Users\CS\venv\Lib\site-packages\django\shortcuts.py", line 184, in resolve_url
    return reverse(to, args=args, kwargs=kwargs)
  File "C:\Users\CS\venv\Lib\site-packages\django\urls\base.py", line 98, in reverse
    resolved_url = resolver._reverse_with_prefix(view, prefix, *args, **kwargs)
  File "C:\Users\CS\venv\Lib\site-packages\django\urls\resolvers.py", line 842, in _reverse_with_prefix
    raise NoReverseMatch(msg)
django.urls.exceptions.NoReverseMatch: Reverse for 'dashboard_redirect' not found. 'dashboard_redirect' is not a valid view function or pattern name.
ERROR 2026-07-24 15:37:57,758 log 12152 10324 "GET /accounts/register/ HTTP/1.1" 500 103503
ERROR 2026-07-24 15:50:13,304 log 11300 5992 Internal Server Error: /accounts/dashboard/
Traceback (most recent call last):
  File "C:\Users\CS\venv\Lib\site-packages\django\core\handlers\exception.py", line 55, in inner
    response = get_response(request)
  File "C:\Users\CS\venv\Lib\site-packages\django\core\handlers\base.py", line 198, in _get_response
    response = wrapped_callback(request, *callback_args, **callback_kwargs)
  File "C:\Users\CS\venv\Lib\site-packages\django\contrib\auth\decorators.py", line 59, in _view_wrapper
    return view_func(request, *args, **kwargs)
  File "C:\Users\CS\OneDrive\Desktop\PROJECTS\kmpn\accounts\views.py", line 322, in dashboard_redirect
    return redirect(role_dashboards[user_role])
  File "C:\Users\CS\venv\Lib\site-packages\django\shortcuts.py", line 51, in redirect
    resolve_url(to, *args, **kwargs),
    ~~~~~~~~~~~^^^^^^^^^^^^^^^^^^^^^
  File "C:\Users\CS\venv\Lib\site-packages\django\shortcuts.py", line 184, in resolve_url
    return reverse(to, args=args, kwargs=kwargs)
  File "C:\Users\CS\venv\Lib\site-packages\django\urls\base.py", line 98, in reverse
    resolved_url = resolver._reverse_with_prefix(view, prefix, *args, **kwargs)
  File "C:\Users\CS\venv\Lib\site-packages\django\urls\resolvers.py", line 842, in _reverse_with_prefix
    raise NoReverseMatch(msg)
django.urls.exceptions.NoReverseMatch: Reverse for 'basic_member_dashboard' not found. 'basic_member_dashboard' is not a valid view function or pattern name.
ERROR 2026-07-24 15:50:13,342 log 11300 5992 "GET /accounts/dashboard/ HTTP/1.1" 500 109629
ERROR 2026-07-24 15:55:40,686 log 11236 6060 Internal Server Error: /accounts/dashboard/
Traceback (most recent call last):
  File "C:\Users\CS\venv\Lib\site-packages\django\core\handlers\exception.py", line 55, in inner
    response = get_response(request)
  File "C:\Users\CS\venv\Lib\site-packages\django\core\handlers\base.py", line 198, in _get_response
    response = wrapped_callback(request, *callback_args, **callback_kwargs)
  File "C:\Users\CS\venv\Lib\site-packages\django\contrib\auth\decorators.py", line 59, in _view_wrapper
    return view_func(request, *args, **kwargs)
  File "C:\Users\CS\OneDrive\Desktop\PROJECTS\kmpn\accounts\views.py", line 322, in dashboard_redirect
    return redirect(role_dashboards[user_role])
  File "C:\Users\CS\venv\Lib\site-packages\django\shortcuts.py", line 51, in redirect
    resolve_url(to, *args, **kwargs),
    ~~~~~~~~~~~^^^^^^^^^^^^^^^^^^^^^
  File "C:\Users\CS\venv\Lib\site-packages\django\shortcuts.py", line 184, in resolve_url
    return reverse(to, args=args, kwargs=kwargs)
  File "C:\Users\CS\venv\Lib\site-packages\django\urls\base.py", line 98, in reverse
    resolved_url = resolver._reverse_with_prefix(view, prefix, *args, **kwargs)
  File "C:\Users\CS\venv\Lib\site-packages\django\urls\resolvers.py", line 842, in _reverse_with_prefix
    raise NoReverseMatch(msg)
django.urls.exceptions.NoReverseMatch: Reverse for 'basic_member_dashboard' not found. 'basic_member_dashboard' is not a valid view function or pattern name.
ERROR 2026-07-24 15:55:40,739 log 11236 6060 "GET /accounts/dashboard/ HTTP/1.1" 500 109629
WARNING 2026-07-24 16:10:41,257 log 10420 11192 Forbidden (CSRF token from POST incorrect.): /accounts/login/
WARNING 2026-07-24 16:10:41,519 log 10420 11192 "POST /accounts/login/ HTTP/1.1" 403 2503
WARNING 2026-07-24 16:15:24,087 log 10420 11192 Forbidden (CSRF token from POST incorrect.): /accounts/login/
WARNING 2026-07-24 16:15:24,427 log 10420 11192 "POST /accounts/login/ HTTP/1.1" 403 2503
WARNING 2026-07-24 16:19:18,687 log 10420 11192 Forbidden (CSRF token from POST incorrect.): /accounts/login/
WARNING 2026-07-24 16:19:19,040 log 10420 11192 "POST /accounts/login/ HTTP/1.1" 403 2503
ERROR 2026-07-24 16:19:36,188 log 10420 11192 Internal Server Error: /accounts/dashboard/super-admin/
Traceback (most recent call last):
  File "C:\Users\CS\venv\Lib\site-packages\django\core\handlers\exception.py", line 55, in inner
    response = get_response(request)
  File "C:\Users\CS\venv\Lib\site-packages\django\core\handlers\base.py", line 198, in _get_response
    response = wrapped_callback(request, *callback_args, **callback_kwargs)
  File "C:\Users\CS\venv\Lib\site-packages\django\contrib\auth\decorators.py", line 59, in _view_wrapper
    return view_func(request, *args, **kwargs)
  File "C:\Users\CS\OneDrive\Desktop\PROJECTS\kmpn\accounts\decorators.py", line 32, in wrapper
    return view_func(request, *args, **kwargs)
  File "C:\Users\CS\OneDrive\Desktop\PROJECTS\kmpn\accounts\views.py", line 362, in super_admin_dashboard
    return render(request, 'dashboard/super_admin.html', context)
  File "C:\Users\CS\venv\Lib\site-packages\django\shortcuts.py", line 25, in render
    content = loader.render_to_string(template_name, context, request, using=using)
  File "C:\Users\CS\venv\Lib\site-packages\django\template\loader.py", line 62, in render_to_string
    return template.render(context, request)
           ~~~~~~~~~~~~~~~^^^^^^^^^^^^^^^^^^
  File "C:\Users\CS\venv\Lib\site-packages\django\template\backends\django.py", line 107, in render
    return self.template.render(context)
           ~~~~~~~~~~~~~~~~~~~~^^^^^^^^^
  File "C:\Users\CS\venv\Lib\site-packages\django\template\base.py", line 174, in render
    return self._render(context)
           ~~~~~~~~~~~~^^^^^^^^^
  File "C:\Users\CS\venv\Lib\site-packages\django\template\base.py", line 166, in _render
    return self.nodelist.render(context)
           ~~~~~~~~~~~~~~~~~~~~^^^^^^^^^
  File "C:\Users\CS\venv\Lib\site-packages\django\template\base.py", line 1091, in render
    return SafeString("".join([node.render_annotated(context) for node in self]))
                               ~~~~~~~~~~~~~~~~~~~~~^^^^^^^^^
  File "C:\Users\CS\venv\Lib\site-packages\django\template\base.py", line 1052, in render_annotated
    return self.render(context)
           ~~~~~~~~~~~^^^^^^^^^
  File "C:\Users\CS\venv\Lib\site-packages\django\template\loader_tags.py", line 160, in render
    return compiled_parent._render(context)
           ~~~~~~~~~~~~~~~~~~~~~~~^^^^^^^^^
  File "C:\Users\CS\venv\Lib\site-packages\django\template\base.py", line 166, in _render
    return self.nodelist.render(context)
           ~~~~~~~~~~~~~~~~~~~~^^^^^^^^^
  File "C:\Users\CS\venv\Lib\site-packages\django\template\base.py", line 1091, in render
    return SafeString("".join([node.render_annotated(context) for node in self]))
                               ~~~~~~~~~~~~~~~~~~~~~^^^^^^^^^
  File "C:\Users\CS\venv\Lib\site-packages\django\template\base.py", line 1052, in render_annotated
    return self.render(context)
           ~~~~~~~~~~~^^^^^^^^^
  File "C:\Users\CS\venv\Lib\site-packages\django\template\loader_tags.py", line 160, in render
    return compiled_parent._render(context)
           ~~~~~~~~~~~~~~~~~~~~~~~^^^^^^^^^
  File "C:\Users\CS\venv\Lib\site-packages\django\template\base.py", line 166, in _render
    return self.nodelist.render(context)
           ~~~~~~~~~~~~~~~~~~~~^^^^^^^^^
  File "C:\Users\CS\venv\Lib\site-packages\django\template\base.py", line 1091, in render
    return SafeString("".join([node.render_annotated(context) for node in self]))
                               ~~~~~~~~~~~~~~~~~~~~~^^^^^^^^^
  File "C:\Users\CS\venv\Lib\site-packages\django\template\base.py", line 1052, in render_annotated
    return self.render(context)
           ~~~~~~~~~~~^^^^^^^^^
  File "C:\Users\CS\venv\Lib\site-packages\django\template\loader_tags.py", line 66, in render
    result = block.nodelist.render(context)
  File "C:\Users\CS\venv\Lib\site-packages\django\template\base.py", line 1091, in render
    return SafeString("".join([node.render_annotated(context) for node in self]))
                               ~~~~~~~~~~~~~~~~~~~~~^^^^^^^^^
  File "C:\Users\CS\venv\Lib\site-packages\django\template\base.py", line 1052, in render_annotated
    return self.render(context)
           ~~~~~~~~~~~^^^^^^^^^
  File "C:\Users\CS\venv\Lib\site-packages\django\template\loader_tags.py", line 66, in render
    result = block.nodelist.render(context)
  File "C:\Users\CS\venv\Lib\site-packages\django\template\base.py", line 1091, in render
    return SafeString("".join([node.render_annotated(context) for node in self]))
                               ~~~~~~~~~~~~~~~~~~~~~^^^^^^^^^
  File "C:\Users\CS\venv\Lib\site-packages\django\template\base.py", line 1052, in render_annotated
    return self.render(context)
           ~~~~~~~~~~~^^^^^^^^^
  File "C:\Users\CS\venv\Lib\site-packages\django\template\defaulttags.py", line 511, in render
    url = reverse(view_name, args=args, kwargs=kwargs, current_app=current_app)
  File "C:\Users\CS\venv\Lib\site-packages\django\urls\base.py", line 98, in reverse
    resolved_url = resolver._reverse_with_prefix(view, prefix, *args, **kwargs)
  File "C:\Users\CS\venv\Lib\site-packages\django\urls\resolvers.py", line 842, in _reverse_with_prefix
    raise NoReverseMatch(msg)
django.urls.exceptions.NoReverseMatch: Reverse for 'manage_applications' not found. 'manage_applications' is not a valid view function or pattern name.
ERROR 2026-07-24 16:19:36,288 log 10420 11192 "GET /accounts/dashboard/super-admin/ HTTP/1.1" 500 264557
ERROR 2026-07-24 16:21:53,636 log 10420 11192 Internal Server Error: /accounts/admin/applications/
Traceback (most recent call last):
  File "C:\Users\CS\venv\Lib\site-packages\django\core\handlers\exception.py", line 55, in inner
    response = get_response(request)
  File "C:\Users\CS\venv\Lib\site-packages\django\core\handlers\base.py", line 198, in _get_response
    response = wrapped_callback(request, *callback_args, **callback_kwargs)
  File "C:\Users\CS\venv\Lib\site-packages\django\contrib\auth\decorators.py", line 59, in _view_wrapper
    return view_func(request, *args, **kwargs)
  File "C:\Users\CS\OneDrive\Desktop\PROJECTS\kmpn\accounts\decorators.py", line 32, in wrapper
    return view_func(request, *args, **kwargs)
  File "C:\Users\CS\OneDrive\Desktop\PROJECTS\kmpn\accounts\views.py", line 732, in manage_applications
    return render(request, 'admin/manage_applications.html', context)
  File "C:\Users\CS\venv\Lib\site-packages\django\shortcuts.py", line 25, in render
    content = loader.render_to_string(template_name, context, request, using=using)
  File "C:\Users\CS\venv\Lib\site-packages\django\template\loader.py", line 61, in render_to_string
    template = get_template(template_name, using=using)
  File "C:\Users\CS\venv\Lib\site-packages\django\template\loader.py", line 19, in get_template
    raise TemplateDoesNotExist(template_name, chain=chain)
django.template.exceptions.TemplateDoesNotExist: admin/manage_applications.html
ERROR 2026-07-24 16:21:53,735 log 10420 11192 "GET /accounts/admin/applications/ HTTP/1.1" 500 117388
ERROR 2026-07-24 16:26:14,117 log 10420 11192 Internal Server Error: /accounts/admin/activity-logs/
Traceback (most recent call last):
  File "C:\Users\CS\venv\Lib\site-packages\django\core\handlers\exception.py", line 55, in inner
    response = get_response(request)
  File "C:\Users\CS\venv\Lib\site-packages\django\core\handlers\base.py", line 198, in _get_response
    response = wrapped_callback(request, *callback_args, **callback_kwargs)
  File "C:\Users\CS\venv\Lib\site-packages\django\contrib\auth\decorators.py", line 59, in _view_wrapper
    return view_func(request, *args, **kwargs)
  File "C:\Users\CS\OneDrive\Desktop\PROJECTS\kmpn\accounts\decorators.py", line 32, in wrapper
    return view_func(request, *args, **kwargs)
  File "C:\Users\CS\OneDrive\Desktop\PROJECTS\kmpn\accounts\views.py", line 1070, in activity_logs
    return render(request, 'admin/activity_logs.html', context)
  File "C:\Users\CS\venv\Lib\site-packages\django\shortcuts.py", line 25, in render
    content = loader.render_to_string(template_name, context, request, using=using)
  File "C:\Users\CS\venv\Lib\site-packages\django\template\loader.py", line 61, in render_to_string
    template = get_template(template_name, using=using)
  File "C:\Users\CS\venv\Lib\site-packages\django\template\loader.py", line 19, in get_template
    raise TemplateDoesNotExist(template_name, chain=chain)
django.template.exceptions.TemplateDoesNotExist: admin/activity_logs.html
ERROR 2026-07-24 16:26:14,155 log 10420 11192 "GET /accounts/admin/activity-logs/ HTTP/1.1" 500 116760
ERROR 2026-07-24 16:29:03,113 log 10420 11192 Internal Server Error: /accounts/admin/applications/1/review/
Traceback (most recent call last):
  File "C:\Users\CS\venv\Lib\site-packages\django\core\handlers\exception.py", line 55, in inner
    response = get_response(request)
  File "C:\Users\CS\venv\Lib\site-packages\django\core\handlers\base.py", line 198, in _get_response
    response = wrapped_callback(request, *callback_args, **callback_kwargs)
  File "C:\Users\CS\venv\Lib\site-packages\django\contrib\auth\decorators.py", line 59, in _view_wrapper
    return view_func(request, *args, **kwargs)
  File "C:\Users\CS\OneDrive\Desktop\PROJECTS\kmpn\accounts\decorators.py", line 32, in wrapper
    return view_func(request, *args, **kwargs)
  File "C:\Users\CS\OneDrive\Desktop\PROJECTS\kmpn\accounts\views.py", line 821, in review_application
    return redirect('manage_applications')
  File "C:\Users\CS\venv\Lib\site-packages\django\shortcuts.py", line 51, in redirect
    resolve_url(to, *args, **kwargs),
    ~~~~~~~~~~~^^^^^^^^^^^^^^^^^^^^^
  File "C:\Users\CS\venv\Lib\site-packages\django\shortcuts.py", line 184, in resolve_url
    return reverse(to, args=args, kwargs=kwargs)
  File "C:\Users\CS\venv\Lib\site-packages\django\urls\base.py", line 98, in reverse
    resolved_url = resolver._reverse_with_prefix(view, prefix, *args, **kwargs)
  File "C:\Users\CS\venv\Lib\site-packages\django\urls\resolvers.py", line 842, in _reverse_with_prefix
    raise NoReverseMatch(msg)
django.urls.exceptions.NoReverseMatch: Reverse for 'manage_applications' not found. 'manage_applications' is not a valid view function or pattern name.
ERROR 2026-07-24 16:29:03,122 log 10420 11192 "POST /accounts/admin/applications/1/review/ HTTP/1.1" 500 115303
ERROR 2026-07-24 16:45:36,962 log 11380 10772 Internal Server Error: /accounts/dashboard/admin/
Traceback (most recent call last):
  File "C:\Users\CS\venv\Lib\site-packages\django\core\handlers\exception.py", line 55, in inner
    response = get_response(request)
  File "C:\Users\CS\venv\Lib\site-packages\django\core\handlers\base.py", line 198, in _get_response
    response = wrapped_callback(request, *callback_args, **callback_kwargs)
  File "C:\Users\CS\venv\Lib\site-packages\django\contrib\auth\decorators.py", line 59, in _view_wrapper
    return view_func(request, *args, **kwargs)
  File "C:\Users\CS\OneDrive\Desktop\PROJECTS\kmpn\accounts\decorators.py", line 32, in wrapper
    return view_func(request, *args, **kwargs)
  File "C:\Users\CS\OneDrive\Desktop\PROJECTS\kmpn\accounts\views.py", line 391, in admin_dashboard
    return render(request, 'dashboard/admin.html', context)
  File "C:\Users\CS\venv\Lib\site-packages\django\shortcuts.py", line 25, in render
    content = loader.render_to_string(template_name, context, request, using=using)
  File "C:\Users\CS\venv\Lib\site-packages\django\template\loader.py", line 62, in render_to_string
    return template.render(context, request)
           ~~~~~~~~~~~~~~~^^^^^^^^^^^^^^^^^^
  File "C:\Users\CS\venv\Lib\site-packages\django\template\backends\django.py", line 107, in render
    return self.template.render(context)
           ~~~~~~~~~~~~~~~~~~~~^^^^^^^^^
  File "C:\Users\CS\venv\Lib\site-packages\django\template\base.py", line 174, in render
    return self._render(context)
           ~~~~~~~~~~~~^^^^^^^^^
  File "C:\Users\CS\venv\Lib\site-packages\django\template\base.py", line 166, in _render
    return self.nodelist.render(context)
           ~~~~~~~~~~~~~~~~~~~~^^^^^^^^^
  File "C:\Users\CS\venv\Lib\site-packages\django\template\base.py", line 1091, in render
    return SafeString("".join([node.render_annotated(context) for node in self]))
                               ~~~~~~~~~~~~~~~~~~~~~^^^^^^^^^
  File "C:\Users\CS\venv\Lib\site-packages\django\template\base.py", line 1052, in render_annotated
    return self.render(context)
           ~~~~~~~~~~~^^^^^^^^^
  File "C:\Users\CS\venv\Lib\site-packages\django\template\loader_tags.py", line 160, in render
    return compiled_parent._render(context)
           ~~~~~~~~~~~~~~~~~~~~~~~^^^^^^^^^
  File "C:\Users\CS\venv\Lib\site-packages\django\template\base.py", line 166, in _render
    return self.nodelist.render(context)
           ~~~~~~~~~~~~~~~~~~~~^^^^^^^^^
  File "C:\Users\CS\venv\Lib\site-packages\django\template\base.py", line 1091, in render
    return SafeString("".join([node.render_annotated(context) for node in self]))
                               ~~~~~~~~~~~~~~~~~~~~~^^^^^^^^^
  File "C:\Users\CS\venv\Lib\site-packages\django\template\base.py", line 1052, in render_annotated
    return self.render(context)
           ~~~~~~~~~~~^^^^^^^^^
  File "C:\Users\CS\venv\Lib\site-packages\django\template\loader_tags.py", line 160, in render
    return compiled_parent._render(context)
           ~~~~~~~~~~~~~~~~~~~~~~~^^^^^^^^^
  File "C:\Users\CS\venv\Lib\site-packages\django\template\base.py", line 166, in _render
    return self.nodelist.render(context)
           ~~~~~~~~~~~~~~~~~~~~^^^^^^^^^
  File "C:\Users\CS\venv\Lib\site-packages\django\template\base.py", line 1091, in render
    return SafeString("".join([node.render_annotated(context) for node in self]))
                               ~~~~~~~~~~~~~~~~~~~~~^^^^^^^^^
  File "C:\Users\CS\venv\Lib\site-packages\django\template\base.py", line 1052, in render_annotated
    return self.render(context)
           ~~~~~~~~~~~^^^^^^^^^
  File "C:\Users\CS\venv\Lib\site-packages\django\template\loader_tags.py", line 66, in render
    result = block.nodelist.render(context)
  File "C:\Users\CS\venv\Lib\site-packages\django\template\base.py", line 1091, in render
    return SafeString("".join([node.render_annotated(context) for node in self]))
                               ~~~~~~~~~~~~~~~~~~~~~^^^^^^^^^
  File "C:\Users\CS\venv\Lib\site-packages\django\template\base.py", line 1052, in render_annotated
    return self.render(context)
           ~~~~~~~~~~~^^^^^^^^^
  File "C:\Users\CS\venv\Lib\site-packages\django\template\loader_tags.py", line 66, in render
    result = block.nodelist.render(context)
  File "C:\Users\CS\venv\Lib\site-packages\django\template\base.py", line 1091, in render
    return SafeString("".join([node.render_annotated(context) for node in self]))
                               ~~~~~~~~~~~~~~~~~~~~~^^^^^^^^^
  File "C:\Users\CS\venv\Lib\site-packages\django\template\base.py", line 1052, in render_annotated
    return self.render(context)
           ~~~~~~~~~~~^^^^^^^^^
  File "C:\Users\CS\venv\Lib\site-packages\django\template\defaulttags.py", line 511, in render
    url = reverse(view_name, args=args, kwargs=kwargs, current_app=current_app)
  File "C:\Users\CS\venv\Lib\site-packages\django\urls\base.py", line 98, in reverse
    resolved_url = resolver._reverse_with_prefix(view, prefix, *args, **kwargs)
  File "C:\Users\CS\venv\Lib\site-packages\django\urls\resolvers.py", line 842, in _reverse_with_prefix
    raise NoReverseMatch(msg)
django.urls.exceptions.NoReverseMatch: Reverse for 'manage_applications' not found. 'manage_applications' is not a valid view function or pattern name.
ERROR 2026-07-24 16:45:37,038 log 11380 10772 "GET /accounts/dashboard/admin/ HTTP/1.1" 500 248445
WARNING 2026-07-24 16:48:28,731 log 11380 10772 Forbidden (CSRF token from POST incorrect.): /accounts/login/
WARNING 2026-07-24 16:48:30,824 log 11380 10772 "POST /accounts/login/ HTTP/1.1" 403 2503
ERROR 2026-07-24 16:53:52,802 log 11380 10772 Internal Server Error: /accounts/dashboard/admin/
Traceback (most recent call last):
  File "C:\Users\CS\venv\Lib\site-packages\django\core\handlers\exception.py", line 55, in inner
    response = get_response(request)
  File "C:\Users\CS\venv\Lib\site-packages\django\core\handlers\base.py", line 198, in _get_response
    response = wrapped_callback(request, *callback_args, **callback_kwargs)
  File "C:\Users\CS\venv\Lib\site-packages\django\contrib\auth\decorators.py", line 59, in _view_wrapper
    return view_func(request, *args, **kwargs)
  File "C:\Users\CS\OneDrive\Desktop\PROJECTS\kmpn\accounts\decorators.py", line 32, in wrapper
    return view_func(request, *args, **kwargs)
  File "C:\Users\CS\OneDrive\Desktop\PROJECTS\kmpn\accounts\views.py", line 391, in admin_dashboard
    return render(request, 'dashboard/admin.html', context)
  File "C:\Users\CS\venv\Lib\site-packages\django\shortcuts.py", line 25, in render
    content = loader.render_to_string(template_name, context, request, using=using)
  File "C:\Users\CS\venv\Lib\site-packages\django\template\loader.py", line 62, in render_to_string
    return template.render(context, request)
           ~~~~~~~~~~~~~~~^^^^^^^^^^^^^^^^^^
  File "C:\Users\CS\venv\Lib\site-packages\django\template\backends\django.py", line 107, in render
    return self.template.render(context)
           ~~~~~~~~~~~~~~~~~~~~^^^^^^^^^
  File "C:\Users\CS\venv\Lib\site-packages\django\template\base.py", line 174, in render
    return self._render(context)
           ~~~~~~~~~~~~^^^^^^^^^
  File "C:\Users\CS\venv\Lib\site-packages\django\template\base.py", line 166, in _render
    return self.nodelist.render(context)
           ~~~~~~~~~~~~~~~~~~~~^^^^^^^^^
  File "C:\Users\CS\venv\Lib\site-packages\django\template\base.py", line 1091, in render
    return SafeString("".join([node.render_annotated(context) for node in self]))
                               ~~~~~~~~~~~~~~~~~~~~~^^^^^^^^^
  File "C:\Users\CS\venv\Lib\site-packages\django\template\base.py", line 1052, in render_annotated
    return self.render(context)
           ~~~~~~~~~~~^^^^^^^^^
  File "C:\Users\CS\venv\Lib\site-packages\django\template\loader_tags.py", line 160, in render
    return compiled_parent._render(context)
           ~~~~~~~~~~~~~~~~~~~~~~~^^^^^^^^^
  File "C:\Users\CS\venv\Lib\site-packages\django\template\base.py", line 166, in _render
    return self.nodelist.render(context)
           ~~~~~~~~~~~~~~~~~~~~^^^^^^^^^
  File "C:\Users\CS\venv\Lib\site-packages\django\template\base.py", line 1091, in render
    return SafeString("".join([node.render_annotated(context) for node in self]))
                               ~~~~~~~~~~~~~~~~~~~~~^^^^^^^^^
  File "C:\Users\CS\venv\Lib\site-packages\django\template\base.py", line 1052, in render_annotated
    return self.render(context)
           ~~~~~~~~~~~^^^^^^^^^
  File "C:\Users\CS\venv\Lib\site-packages\django\template\loader_tags.py", line 160, in render
    return compiled_parent._render(context)
           ~~~~~~~~~~~~~~~~~~~~~~~^^^^^^^^^
  File "C:\Users\CS\venv\Lib\site-packages\django\template\base.py", line 166, in _render
    return self.nodelist.render(context)
           ~~~~~~~~~~~~~~~~~~~~^^^^^^^^^
  File "C:\Users\CS\venv\Lib\site-packages\django\template\base.py", line 1091, in render
    return SafeString("".join([node.render_annotated(context) for node in self]))
                               ~~~~~~~~~~~~~~~~~~~~~^^^^^^^^^
  File "C:\Users\CS\venv\Lib\site-packages\django\template\base.py", line 1052, in render_annotated
    return self.render(context)
           ~~~~~~~~~~~^^^^^^^^^
  File "C:\Users\CS\venv\Lib\site-packages\django\template\loader_tags.py", line 66, in render
    result = block.nodelist.render(context)
  File "C:\Users\CS\venv\Lib\site-packages\django\template\base.py", line 1091, in render
    return SafeString("".join([node.render_annotated(context) for node in self]))
                               ~~~~~~~~~~~~~~~~~~~~~^^^^^^^^^
  File "C:\Users\CS\venv\Lib\site-packages\django\template\base.py", line 1052, in render_annotated
    return self.render(context)
           ~~~~~~~~~~~^^^^^^^^^
  File "C:\Users\CS\venv\Lib\site-packages\django\template\loader_tags.py", line 66, in render
    result = block.nodelist.render(context)
  File "C:\Users\CS\venv\Lib\site-packages\django\template\base.py", line 1091, in render
    return SafeString("".join([node.render_annotated(context) for node in self]))
                               ~~~~~~~~~~~~~~~~~~~~~^^^^^^^^^
  File "C:\Users\CS\venv\Lib\site-packages\django\template\base.py", line 1052, in render_annotated
    return self.render(context)
           ~~~~~~~~~~~^^^^^^^^^
  File "C:\Users\CS\venv\Lib\site-packages\django\template\defaulttags.py", line 511, in render
    url = reverse(view_name, args=args, kwargs=kwargs, current_app=current_app)
  File "C:\Users\CS\venv\Lib\site-packages\django\urls\base.py", line 98, in reverse
    resolved_url = resolver._reverse_with_prefix(view, prefix, *args, **kwargs)
  File "C:\Users\CS\venv\Lib\site-packages\django\urls\resolvers.py", line 842, in _reverse_with_prefix
    raise NoReverseMatch(msg)
django.urls.exceptions.NoReverseMatch: Reverse for 'communities_community_changelist' not found. 'communities_community_changelist' is not a valid view function or pattern name.
ERROR 2026-07-24 16:53:52,810 log 11380 10772 "GET /accounts/dashboard/admin/ HTTP/1.1" 500 262010
ERROR 2026-07-24 17:00:05,357 log 3380 9472 Internal Server Error: /accounts/dashboard/admin/
Traceback (most recent call last):
  File "C:\Users\CS\venv\Lib\site-packages\django\core\handlers\exception.py", line 55, in inner
    response = get_response(request)
  File "C:\Users\CS\venv\Lib\site-packages\django\core\handlers\base.py", line 198, in _get_response
    response = wrapped_callback(request, *callback_args, **callback_kwargs)
  File "C:\Users\CS\venv\Lib\site-packages\django\contrib\auth\decorators.py", line 59, in _view_wrapper
    return view_func(request, *args, **kwargs)
  File "C:\Users\CS\OneDrive\Desktop\PROJECTS\kmpn\accounts\decorators.py", line 32, in wrapper
    return view_func(request, *args, **kwargs)
  File "C:\Users\CS\OneDrive\Desktop\PROJECTS\kmpn\accounts\views.py", line 391, in admin_dashboard
    return render(request, 'dashboard/admin.html', context)
  File "C:\Users\CS\venv\Lib\site-packages\django\shortcuts.py", line 25, in render
    content = loader.render_to_string(template_name, context, request, using=using)
  File "C:\Users\CS\venv\Lib\site-packages\django\template\loader.py", line 62, in render_to_string
    return template.render(context, request)
           ~~~~~~~~~~~~~~~^^^^^^^^^^^^^^^^^^
  File "C:\Users\CS\venv\Lib\site-packages\django\template\backends\django.py", line 107, in render
    return self.template.render(context)
           ~~~~~~~~~~~~~~~~~~~~^^^^^^^^^
  File "C:\Users\CS\venv\Lib\site-packages\django\template\base.py", line 174, in render
    return self._render(context)
           ~~~~~~~~~~~~^^^^^^^^^
  File "C:\Users\CS\venv\Lib\site-packages\django\template\base.py", line 166, in _render
    return self.nodelist.render(context)
           ~~~~~~~~~~~~~~~~~~~~^^^^^^^^^
  File "C:\Users\CS\venv\Lib\site-packages\django\template\base.py", line 1091, in render
    return SafeString("".join([node.render_annotated(context) for node in self]))
                               ~~~~~~~~~~~~~~~~~~~~~^^^^^^^^^
  File "C:\Users\CS\venv\Lib\site-packages\django\template\base.py", line 1052, in render_annotated
    return self.render(context)
           ~~~~~~~~~~~^^^^^^^^^
  File "C:\Users\CS\venv\Lib\site-packages\django\template\loader_tags.py", line 160, in render
    return compiled_parent._render(context)
           ~~~~~~~~~~~~~~~~~~~~~~~^^^^^^^^^
  File "C:\Users\CS\venv\Lib\site-packages\django\template\base.py", line 166, in _render
    return self.nodelist.render(context)
           ~~~~~~~~~~~~~~~~~~~~^^^^^^^^^
  File "C:\Users\CS\venv\Lib\site-packages\django\template\base.py", line 1091, in render
    return SafeString("".join([node.render_annotated(context) for node in self]))
                               ~~~~~~~~~~~~~~~~~~~~~^^^^^^^^^
  File "C:\Users\CS\venv\Lib\site-packages\django\template\base.py", line 1052, in render_annotated
    return self.render(context)
           ~~~~~~~~~~~^^^^^^^^^
  File "C:\Users\CS\venv\Lib\site-packages\django\template\loader_tags.py", line 160, in render
    return compiled_parent._render(context)
           ~~~~~~~~~~~~~~~~~~~~~~~^^^^^^^^^
  File "C:\Users\CS\venv\Lib\site-packages\django\template\base.py", line 166, in _render
    return self.nodelist.render(context)
           ~~~~~~~~~~~~~~~~~~~~^^^^^^^^^
  File "C:\Users\CS\venv\Lib\site-packages\django\template\base.py", line 1091, in render
    return SafeString("".join([node.render_annotated(context) for node in self]))
                               ~~~~~~~~~~~~~~~~~~~~~^^^^^^^^^
  File "C:\Users\CS\venv\Lib\site-packages\django\template\base.py", line 1052, in render_annotated
    return self.render(context)
           ~~~~~~~~~~~^^^^^^^^^
  File "C:\Users\CS\venv\Lib\site-packages\django\template\loader_tags.py", line 66, in render
    result = block.nodelist.render(context)
  File "C:\Users\CS\venv\Lib\site-packages\django\template\base.py", line 1091, in render
    return SafeString("".join([node.render_annotated(context) for node in self]))
                               ~~~~~~~~~~~~~~~~~~~~~^^^^^^^^^
  File "C:\Users\CS\venv\Lib\site-packages\django\template\base.py", line 1052, in render_annotated
    return self.render(context)
           ~~~~~~~~~~~^^^^^^^^^
  File "C:\Users\CS\venv\Lib\site-packages\django\template\loader_tags.py", line 66, in render
    result = block.nodelist.render(context)
  File "C:\Users\CS\venv\Lib\site-packages\django\template\base.py", line 1091, in render
    return SafeString("".join([node.render_annotated(context) for node in self]))
                               ~~~~~~~~~~~~~~~~~~~~~^^^^^^^^^
  File "C:\Users\CS\venv\Lib\site-packages\django\template\base.py", line 1052, in render_annotated
    return self.render(context)
           ~~~~~~~~~~~^^^^^^^^^
  File "C:\Users\CS\venv\Lib\site-packages\django\template\defaulttags.py", line 511, in render
    url = reverse(view_name, args=args, kwargs=kwargs, current_app=current_app)
  File "C:\Users\CS\venv\Lib\site-packages\django\urls\base.py", line 98, in reverse
    resolved_url = resolver._reverse_with_prefix(view, prefix, *args, **kwargs)
  File "C:\Users\CS\venv\Lib\site-packages\django\urls\resolvers.py", line 842, in _reverse_with_prefix
    raise NoReverseMatch(msg)
django.urls.exceptions.NoReverseMatch: Reverse for 'profile_view' not found. 'profile_view' is not a valid view function or pattern name.
ERROR 2026-07-24 17:00:05,491 log 3380 9472 "GET /accounts/dashboard/admin/ HTTP/1.1" 500 263155
ERROR 2026-07-24 17:02:58,016 log 3380 10856 Internal Server Error: /accounts/dashboard/admin/
Traceback (most recent call last):
  File "C:\Users\CS\venv\Lib\site-packages\django\core\handlers\exception.py", line 55, in inner
    response = get_response(request)
  File "C:\Users\CS\venv\Lib\site-packages\django\core\handlers\base.py", line 198, in _get_response
    response = wrapped_callback(request, *callback_args, **callback_kwargs)
  File "C:\Users\CS\venv\Lib\site-packages\django\contrib\auth\decorators.py", line 59, in _view_wrapper
    return view_func(request, *args, **kwargs)
  File "C:\Users\CS\OneDrive\Desktop\PROJECTS\kmpn\accounts\decorators.py", line 32, in wrapper
    return view_func(request, *args, **kwargs)
  File "C:\Users\CS\OneDrive\Desktop\PROJECTS\kmpn\accounts\views.py", line 391, in admin_dashboard
    return render(request, 'dashboard/admin.html', context)
  File "C:\Users\CS\venv\Lib\site-packages\django\shortcuts.py", line 25, in render
    content = loader.render_to_string(template_name, context, request, using=using)
  File "C:\Users\CS\venv\Lib\site-packages\django\template\loader.py", line 62, in render_to_string
    return template.render(context, request)
           ~~~~~~~~~~~~~~~^^^^^^^^^^^^^^^^^^
  File "C:\Users\CS\venv\Lib\site-packages\django\template\backends\django.py", line 107, in render
    return self.template.render(context)
           ~~~~~~~~~~~~~~~~~~~~^^^^^^^^^
  File "C:\Users\CS\venv\Lib\site-packages\django\template\base.py", line 174, in render
    return self._render(context)
           ~~~~~~~~~~~~^^^^^^^^^
  File "C:\Users\CS\venv\Lib\site-packages\django\template\base.py", line 166, in _render
    return self.nodelist.render(context)
           ~~~~~~~~~~~~~~~~~~~~^^^^^^^^^
  File "C:\Users\CS\venv\Lib\site-packages\django\template\base.py", line 1091, in render
    return SafeString("".join([node.render_annotated(context) for node in self]))
                               ~~~~~~~~~~~~~~~~~~~~~^^^^^^^^^
  File "C:\Users\CS\venv\Lib\site-packages\django\template\base.py", line 1052, in render_annotated
    return self.render(context)
           ~~~~~~~~~~~^^^^^^^^^
  File "C:\Users\CS\venv\Lib\site-packages\django\template\loader_tags.py", line 160, in render
    return compiled_parent._render(context)
           ~~~~~~~~~~~~~~~~~~~~~~~^^^^^^^^^
  File "C:\Users\CS\venv\Lib\site-packages\django\template\base.py", line 166, in _render
    return self.nodelist.render(context)
           ~~~~~~~~~~~~~~~~~~~~^^^^^^^^^
  File "C:\Users\CS\venv\Lib\site-packages\django\template\base.py", line 1091, in render
    return SafeString("".join([node.render_annotated(context) for node in self]))
                               ~~~~~~~~~~~~~~~~~~~~~^^^^^^^^^
  File "C:\Users\CS\venv\Lib\site-packages\django\template\base.py", line 1052, in render_annotated
    return self.render(context)
           ~~~~~~~~~~~^^^^^^^^^
  File "C:\Users\CS\venv\Lib\site-packages\django\template\loader_tags.py", line 160, in render
    return compiled_parent._render(context)
           ~~~~~~~~~~~~~~~~~~~~~~~^^^^^^^^^
  File "C:\Users\CS\venv\Lib\site-packages\django\template\base.py", line 166, in _render
    return self.nodelist.render(context)
           ~~~~~~~~~~~~~~~~~~~~^^^^^^^^^
  File "C:\Users\CS\venv\Lib\site-packages\django\template\base.py", line 1091, in render
    return SafeString("".join([node.render_annotated(context) for node in self]))
                               ~~~~~~~~~~~~~~~~~~~~~^^^^^^^^^
  File "C:\Users\CS\venv\Lib\site-packages\django\template\base.py", line 1052, in render_annotated
    return self.render(context)
           ~~~~~~~~~~~^^^^^^^^^
  File "C:\Users\CS\venv\Lib\site-packages\django\template\loader_tags.py", line 66, in render
    result = block.nodelist.render(context)
  File "C:\Users\CS\venv\Lib\site-packages\django\template\base.py", line 1091, in render
    return SafeString("".join([node.render_annotated(context) for node in self]))
                               ~~~~~~~~~~~~~~~~~~~~~^^^^^^^^^
  File "C:\Users\CS\venv\Lib\site-packages\django\template\base.py", line 1052, in render_annotated
    return self.render(context)
           ~~~~~~~~~~~^^^^^^^^^
  File "C:\Users\CS\venv\Lib\site-packages\django\template\loader_tags.py", line 66, in render
    result = block.nodelist.render(context)
  File "C:\Users\CS\venv\Lib\site-packages\django\template\base.py", line 1091, in render
    return SafeString("".join([node.render_annotated(context) for node in self]))
                               ~~~~~~~~~~~~~~~~~~~~~^^^^^^^^^
  File "C:\Users\CS\venv\Lib\site-packages\django\template\base.py", line 1052, in render_annotated
    return self.render(context)
           ~~~~~~~~~~~^^^^^^^^^
  File "C:\Users\CS\venv\Lib\site-packages\django\template\defaulttags.py", line 511, in render
    url = reverse(view_name, args=args, kwargs=kwargs, current_app=current_app)
  File "C:\Users\CS\venv\Lib\site-packages\django\urls\base.py", line 98, in reverse
    resolved_url = resolver._reverse_with_prefix(view, prefix, *args, **kwargs)
  File "C:\Users\CS\venv\Lib\site-packages\django\urls\resolvers.py", line 842, in _reverse_with_prefix
    raise NoReverseMatch(msg)
django.urls.exceptions.NoReverseMatch: Reverse for 'profile_edit' not found. 'profile_edit' is not a valid view function or pattern name.
ERROR 2026-07-24 17:02:58,024 log 3380 10856 "GET /accounts/dashboard/admin/ HTTP/1.1" 500 264337
WARNING 2026-07-24 17:11:48,307 log 3380 10856 Forbidden (CSRF token from POST incorrect.): /admin/login/
WARNING 2026-07-24 17:11:48,501 log 3380 10856 "POST /admin/login/?next=/admin/accounts/user/ HTTP/1.1" 403 2503
WARNING 2026-07-24 17:17:28,853 log 3380 10856 Forbidden (CSRF token from POST incorrect.): /accounts/login/
WARNING 2026-07-24 17:17:29,145 log 3380 10856 "POST /accounts/login/ HTTP/1.1" 403 2503
WARNING 2026-07-24 17:17:34,735 log 3380 10856 Forbidden (CSRF token from POST incorrect.): /accounts/login/
WARNING 2026-07-24 17:17:35,151 log 3380 10856 "POST /accounts/login/ HTTP/1.1" 403 2503
ERROR 2026-07-24 17:20:19,949 log 3380 10856 Internal Server Error: /analytics/
Traceback (most recent call last):
  File "C:\Users\CS\venv\Lib\site-packages\django\core\handlers\exception.py", line 55, in inner
    response = get_response(request)
  File "C:\Users\CS\venv\Lib\site-packages\django\core\handlers\base.py", line 198, in _get_response
    response = wrapped_callback(request, *callback_args, **callback_kwargs)
  File "C:\Users\CS\venv\Lib\site-packages\django\contrib\auth\decorators.py", line 59, in _view_wrapper
    return view_func(request, *args, **kwargs)
  File "C:\Users\CS\OneDrive\Desktop\PROJECTS\kmpn\accounts\decorators.py", line 83, in wrapper
    messages.error(request, f'Access denied. Required roles: {", ".join(user_types)}')
                                                              ~~~~~~~~~^^^^^^^^^^^^
TypeError: sequence item 0: expected str instance, list found
ERROR 2026-07-24 17:20:19,952 log 3380 10856 "GET /analytics/ HTTP/1.1" 500 89959
ERROR 2026-07-24 17:20:36,515 log 3380 10856 Internal Server Error: /opportunities/create/
Traceback (most recent call last):
  File "C:\Users\CS\venv\Lib\site-packages\django\core\handlers\exception.py", line 55, in inner
    response = get_response(request)
  File "C:\Users\CS\venv\Lib\site-packages\django\core\handlers\base.py", line 198, in _get_response
    response = wrapped_callback(request, *callback_args, **callback_kwargs)
  File "C:\Users\CS\venv\Lib\site-packages\django\contrib\auth\decorators.py", line 59, in _view_wrapper
    return view_func(request, *args, **kwargs)
  File "C:\Users\CS\OneDrive\Desktop\PROJECTS\kmpn\accounts\decorators.py", line 103, in wrapper
    response = view_func(request, *args, **kwargs)
  File "C:\Users\CS\OneDrive\Desktop\PROJECTS\kmpn\opportunities\views.py", line 98, in opportunity_create
    return render(request, 'opportunities/create.html', context)
  File "C:\Users\CS\venv\Lib\site-packages\django\shortcuts.py", line 25, in render
    content = loader.render_to_string(template_name, context, request, using=using)
  File "C:\Users\CS\venv\Lib\site-packages\django\template\loader.py", line 61, in render_to_string
    template = get_template(template_name, using=using)
  File "C:\Users\CS\venv\Lib\site-packages\django\template\loader.py", line 19, in get_template
    raise TemplateDoesNotExist(template_name, chain=chain)
django.template.exceptions.TemplateDoesNotExist: opportunities/create.html
ERROR 2026-07-24 17:20:36,538 log 3380 10856 "GET /opportunities/create/ HTTP/1.1" 500 113718
WARNING 2026-07-24 17:38:13,128 log 3380 12276 Not Found: /.well-known/appspecific/com.chrome.devtools.json
WARNING 2026-07-24 17:38:13,131 log 3380 12276 "GET /.well-known/appspecific/com.chrome.devtools.json HTTP/1.1" 404 5259
WARNING 2026-07-27 11:51:42,455 log 3320 11568 Not Found: /favicon.ico
WARNING 2026-07-27 11:51:42,484 log 3320 11568 "GET /favicon.ico HTTP/1.1" 404 5148
ERROR 2026-07-27 14:59:20,594 log 8940 296 Internal Server Error: /opportunities/create/
Traceback (most recent call last):
  File "C:\Users\CS\venv\Lib\site-packages\django\core\handlers\exception.py", line 55, in inner
    response = get_response(request)
  File "C:\Users\CS\venv\Lib\site-packages\django\core\handlers\base.py", line 198, in _get_response
    response = wrapped_callback(request, *callback_args, **callback_kwargs)
  File "C:\Users\CS\venv\Lib\site-packages\django\contrib\auth\decorators.py", line 59, in _view_wrapper
    return view_func(request, *args, **kwargs)
  File "C:\Users\CS\OneDrive\Desktop\PROJECTS\kmpn\accounts\decorators.py", line 103, in wrapper
    response = view_func(request, *args, **kwargs)
  File "C:\Users\CS\OneDrive\Desktop\PROJECTS\kmpn\opportunities\views.py", line 81, in opportunity_create
    if request.user.user_type in ['admin', 'moderator']:
       ^^^^^^^^^^^^^^^^^^^^^^
  File "C:\Users\CS\venv\Lib\site-packages\django\utils\functional.py", line 253, in inner
    return func(_wrapped, *args)
AttributeError: 'User' object has no attribute 'user_type'
ERROR 2026-07-27 14:59:20,695 log 8940 296 "POST /opportunities/create/ HTTP/1.1" 500 106680
ERROR 2026-07-27 15:08:29,757 log 2504 12784 Internal Server Error: /members/dashboard/
Traceback (most recent call last):
  File "C:\Users\CS\venv\Lib\site-packages\django\core\handlers\exception.py", line 55, in inner
    response = get_response(request)
  File "C:\Users\CS\venv\Lib\site-packages\django\core\handlers\base.py", line 198, in _get_response
    response = wrapped_callback(request, *callback_args, **callback_kwargs)
  File "C:\Users\CS\venv\Lib\site-packages\django\contrib\auth\decorators.py", line 59, in _view_wrapper
    return view_func(request, *args, **kwargs)
  File "C:\Users\CS\OneDrive\Desktop\PROJECTS\kmpn\members\views.py", line 83, in member_dashboard
    profile_completion = calculate_profile_completion(request.user)
  File "C:\Users\CS\OneDrive\Desktop\PROJECTS\kmpn\members\views.py", line 1077, in calculate_profile_completion
    user.degree_level,
    ^^^^^^^^^^^^^^^^^
  File "C:\Users\CS\venv\Lib\site-packages\django\utils\functional.py", line 253, in inner
    return func(_wrapped, *args)
AttributeError: 'User' object has no attribute 'degree_level'
ERROR 2026-07-27 15:08:29,797 log 2504 12784 "GET /members/dashboard/ HTTP/1.1" 500 98972
ERROR 2026-07-27 15:17:09,321 log 4840 12496 "GET /admin/opportunities/opportunity/ HTTP/1.1" 500 418724
ERROR 2026-07-27 15:18:41,833 log 11656 8820 "GET /admin/opportunities/opportunity/ HTTP/1.1" 500 418809
WARNING 2026-07-27 15:45:35,665 log 12512 8172 Not Found: /.well-known/appspecific/com.chrome.devtools.json
WARNING 2026-07-27 15:45:35,945 log 12512 8172 "GET /.well-known/appspecific/com.chrome.devtools.json HTTP/1.1" 404 5259
WARNING 2026-07-27 15:45:50,999 log 12512 8172 Not Found: /.well-known/appspecific/com.chrome.devtools.json
WARNING 2026-07-27 15:45:51,000 log 12512 8172 "GET /.well-known/appspecific/com.chrome.devtools.json HTTP/1.1" 404 5259
WARNING 2026-07-27 15:53:59,729 log 11616 196 Not Found: /.well-known/appspecific/com.chrome.devtools.json
WARNING 2026-07-27 15:53:59,976 log 11616 196 "GET /.well-known/appspecific/com.chrome.devtools.json HTTP/1.1" 404 5259
WARNING 2026-07-27 15:54:08,230 log 11616 196 Not Found: /.well-known/appspecific/com.chrome.devtools.json
WARNING 2026-07-27 15:54:08,231 log 11616 196 "GET /.well-known/appspecific/com.chrome.devtools.json HTTP/1.1" 404 5259
WARNING 2026-07-27 16:00:41,022 log 12552 5316 Not Found: /.well-known/appspecific/com.chrome.devtools.json
WARNING 2026-07-27 16:00:41,055 log 12552 5316 "GET /.well-known/appspecific/com.chrome.devtools.json HTTP/1.1" 404 5259
WARNING 2026-07-27 16:00:49,283 log 12552 5316 Not Found: /.well-known/appspecific/com.chrome.devtools.json
WARNING 2026-07-27 16:00:49,284 log 12552 5316 "GET /.well-known/appspecific/com.chrome.devtools.json HTTP/1.1" 404 5259
WARNING 2026-07-27 16:08:34,571 log 9328 8916 Not Found: /.well-known/appspecific/com.chrome.devtools.json
WARNING 2026-07-27 16:08:34,667 log 9328 8916 "GET /.well-known/appspecific/com.chrome.devtools.json HTTP/1.1" 404 5259
WARNING 2026-07-27 16:08:47,907 log 9328 8916 Not Found: /.well-known/appspecific/com.chrome.devtools.json
WARNING 2026-07-27 16:08:47,908 log 9328 8916 "GET /.well-known/appspecific/com.chrome.devtools.json HTTP/1.1" 404 5259
ERROR 2026-07-27 16:15:03,999 log 9256 5808 Internal Server Error: /
Traceback (most recent call last):
  File "C:\Users\CS\venv\Lib\site-packages\django\core\handlers\exception.py", line 55, in inner
    response = get_response(request)
  File "C:\Users\CS\venv\Lib\site-packages\django\core\handlers\base.py", line 198, in _get_response
    response = wrapped_callback(request, *callback_args, **callback_kwargs)
  File "C:\Users\CS\OneDrive\Desktop\PROJECTS\kmpn\accounts\views.py", line 92, in home
    with connection.cursor() as cursor:
         ^^^^^^^^^^
NameError: name 'connection' is not defined
ERROR 2026-07-27 16:15:04,109 log 9256 5808 "GET / HTTP/1.1" 500 84414
WARNING 2026-07-27 16:15:05,468 log 9256 5808 Not Found: /.well-known/appspecific/com.chrome.devtools.json
WARNING 2026-07-27 16:15:05,469 log 9256 5808 "GET /.well-known/appspecific/com.chrome.devtools.json HTTP/1.1" 404 5259
ERROR 2026-07-27 16:45:13,343 log 12296 11844 Internal Server Error: /communities/public-health-research-network/
Traceback (most recent call last):
  File "C:\Users\CS\venv\Lib\site-packages\django\core\handlers\exception.py", line 55, in inner
    response = get_response(request)
  File "C:\Users\CS\venv\Lib\site-packages\django\core\handlers\base.py", line 198, in _get_response
    response = wrapped_callback(request, *callback_args, **callback_kwargs)
  File "C:\Users\CS\venv\Lib\site-packages\django\contrib\auth\decorators.py", line 59, in _view_wrapper
    return view_func(request, *args, **kwargs)
  File "C:\Users\CS\OneDrive\Desktop\PROJECTS\kmpn\communities\views.py", line 227, in community_detail
    posts = posts.order_by('-pinned', '-created_at')
  File "C:\Users\CS\venv\Lib\site-packages\django\db\models\query.py", line 1772, in order_by
    obj.query.add_ordering(*field_names)
    ~~~~~~~~~~~~~~~~~~~~~~^^^^^^^^^^^^^^
  File "C:\Users\CS\venv\Lib\site-packages\django\db\models\sql\query.py", line 2343, in add_ordering
    self.names_to_path(item.split(LOOKUP_SEP), self.model._meta)
    ~~~~~~~~~~~~~~~~~~^^^^^^^^^^^^^^^^^^^^^^^^^^^^^^^^^^^^^^^^^^
  File "C:\Users\CS\venv\Lib\site-packages\django\db\models\sql\query.py", line 1842, in names_to_path
    raise FieldError(
    ...<2 lines>...
    )
django.core.exceptions.FieldError: Cannot resolve keyword 'pinned' into field. Choices are: attachments, author, author_id, comment_count, comments, community, community_id, communitylike, content, cover_image, created_at, id, like_count, poll_data, poll_votes, post_type, published_at, share_count, status, tags, title, updated_at, view_count
ERROR 2026-07-27 16:45:13,670 log 12296 11844 "GET /communities/public-health-research-network/ HTTP/1.1" 500 107161
ERROR 2026-07-27 16:46:36,438 log 12296 9180 Internal Server Error: /events/create/
Traceback (most recent call last):
  File "C:\Users\CS\venv\Lib\site-packages\django\core\handlers\exception.py", line 55, in inner
    response = get_response(request)
  File "C:\Users\CS\venv\Lib\site-packages\django\core\handlers\base.py", line 198, in _get_response
    response = wrapped_callback(request, *callback_args, **callback_kwargs)
  File "C:\Users\CS\venv\Lib\site-packages\django\contrib\auth\decorators.py", line 59, in _view_wrapper
    return view_func(request, *args, **kwargs)
  File "C:\Users\CS\OneDrive\Desktop\PROJECTS\kmpn\accounts\decorators.py", line 103, in wrapper
    response = view_func(request, *args, **kwargs)
  File "C:\Users\CS\OneDrive\Desktop\PROJECTS\kmpn\events\views.py", line 140, in event_create
    return render(request, 'events/create.html', context)
  File "C:\Users\CS\venv\Lib\site-packages\django\shortcuts.py", line 25, in render
    content = loader.render_to_string(template_name, context, request, using=using)
  File "C:\Users\CS\venv\Lib\site-packages\django\template\loader.py", line 61, in render_to_string
    template = get_template(template_name, using=using)
  File "C:\Users\CS\venv\Lib\site-packages\django\template\loader.py", line 19, in get_template
    raise TemplateDoesNotExist(template_name, chain=chain)
django.template.exceptions.TemplateDoesNotExist: events/create.html
ERROR 2026-07-27 16:46:36,442 log 12296 9180 "GET /events/create/ HTTP/1.1" 500 113251
WARNING 2026-07-27 17:07:29,406 log 12812 4248 Not Found: /.well-known/appspecific/com.chrome.devtools.json
WARNING 2026-07-27 17:07:29,603 log 12812 4248 "GET /.well-known/appspecific/com.chrome.devtools.json HTTP/1.1" 404 5259
WARNING 2026-07-27 17:07:57,248 log 12812 4248 Not Found: /.well-known/appspecific/com.chrome.devtools.json
WARNING 2026-07-27 17:07:57,248 log 12812 4248 "GET /.well-known/appspecific/com.chrome.devtools.json HTTP/1.1" 404 5259
ERROR 2026-07-27 17:18:18,890 log 2024 7860 Internal Server Error: /events/create/
Traceback (most recent call last):
  File "C:\Users\CS\venv\Lib\site-packages\django\core\handlers\exception.py", line 55, in inner
    response = get_response(request)
  File "C:\Users\CS\venv\Lib\site-packages\django\core\handlers\base.py", line 198, in _get_response
    response = wrapped_callback(request, *callback_args, **callback_kwargs)
  File "C:\Users\CS\venv\Lib\site-packages\django\contrib\auth\decorators.py", line 59, in _view_wrapper
    return view_func(request, *args, **kwargs)
  File "C:\Users\CS\OneDrive\Desktop\PROJECTS\kmpn\accounts\decorators.py", line 103, in wrapper
    response = view_func(request, *args, **kwargs)
  File "C:\Users\CS\OneDrive\Desktop\PROJECTS\kmpn\events\views.py", line 127, in event_create
    if request.user.user_type in ['admin', 'moderator']:
       ^^^^^^^^^^^^^^^^^^^^^^
  File "C:\Users\CS\venv\Lib\site-packages\django\utils\functional.py", line 253, in inner
    return func(_wrapped, *args)
AttributeError: 'User' object has no attribute 'user_type'
ERROR 2026-07-27 17:18:18,935 log 2024 7860 "POST /events/create/ HTTP/1.1" 500 106044
ERROR 2026-07-27 17:28:54,352 log 1044 9228 Internal Server Error: /analytics/events/
Traceback (most recent call last):
  File "C:\Users\CS\venv\Lib\site-packages\django\core\handlers\exception.py", line 55, in inner
    response = get_response(request)
  File "C:\Users\CS\venv\Lib\site-packages\django\core\handlers\base.py", line 198, in _get_response
    response = wrapped_callback(request, *callback_args, **callback_kwargs)
  File "C:\Users\CS\venv\Lib\site-packages\django\contrib\auth\decorators.py", line 59, in _view_wrapper
    return view_func(request, *args, **kwargs)
  File "C:\Users\CS\OneDrive\Desktop\PROJECTS\kmpn\accounts\decorators.py", line 83, in wrapper
    messages.error(request, f'Access denied. Required roles: {", ".join(user_types)}')
                                                              ~~~~~~~~~^^^^^^^^^^^^
TypeError: sequence item 0: expected str instance, list found
ERROR 2026-07-27 17:28:54,397 log 1044 9228 "GET /analytics/events/ HTTP/1.1" 500 90311
ERROR 2026-07-27 17:34:16,673 log 2568 2016 Internal Server Error: /analytics/events/
Traceback (most recent call last):
  File "C:\Users\CS\venv\Lib\site-packages\django\core\handlers\exception.py", line 55, in inner
    response = get_response(request)
  File "C:\Users\CS\venv\Lib\site-packages\django\core\handlers\base.py", line 198, in _get_response
    response = wrapped_callback(request, *callback_args, **callback_kwargs)
  File "C:\Users\CS\venv\Lib\site-packages\django\contrib\auth\decorators.py", line 59, in _view_wrapper
    return view_func(request, *args, **kwargs)
  File "C:\Users\CS\OneDrive\Desktop\PROJECTS\kmpn\accounts\decorators.py", line 88, in wrapper
    return view_func(request, *args, **kwargs)
  File "C:\Users\CS\OneDrive\Desktop\PROJECTS\kmpn\analytics\views.py", line 456, in event_analytics
    return render(request, 'analytics/events.html', context)
  File "C:\Users\CS\venv\Lib\site-packages\django\shortcuts.py", line 25, in render
    content = loader.render_to_string(template_name, context, request, using=using)
  File "C:\Users\CS\venv\Lib\site-packages\django\template\loader.py", line 61, in render_to_string
    template = get_template(template_name, using=using)
  File "C:\Users\CS\venv\Lib\site-packages\django\template\loader.py", line 19, in get_template
    raise TemplateDoesNotExist(template_name, chain=chain)
django.template.exceptions.TemplateDoesNotExist: analytics/events.html
ERROR 2026-07-27 17:34:16,921 log 2568 2016 "GET /analytics/events/ HTTP/1.1" 500 115764
WARNING 2026-07-28 12:41:14,160 log 2620 7156 Not Found: /favicon.ico
WARNING 2026-07-28 12:41:14,323 log 2620 7156 "GET /favicon.ico HTTP/1.1" 404 5148
ERROR 2026-07-28 12:42:24,743 log 2620 7156 Internal Server Error: /members/dashboard/
Traceback (most recent call last):
  File "C:\Users\CS\venv\Lib\site-packages\django\core\handlers\exception.py", line 55, in inner
    response = get_response(request)
  File "C:\Users\CS\venv\Lib\site-packages\django\core\handlers\base.py", line 198, in _get_response
    response = wrapped_callback(request, *callback_args, **callback_kwargs)
  File "C:\Users\CS\venv\Lib\site-packages\django\contrib\auth\decorators.py", line 59, in _view_wrapper
    return view_func(request, *args, **kwargs)
  File "C:\Users\CS\OneDrive\Desktop\PROJECTS\kmpn\members\views.py", line 83, in member_dashboard
    profile_completion = calculate_profile_completion(request.user)
  File "C:\Users\CS\OneDrive\Desktop\PROJECTS\kmpn\members\views.py", line 1077, in calculate_profile_completion
    user.degree_level,
    ^^^^^^^^^^^^^^^^^
  File "C:\Users\CS\venv\Lib\site-packages\django\utils\functional.py", line 253, in inner
    return func(_wrapped, *args)
AttributeError: 'User' object has no attribute 'degree_level'
ERROR 2026-07-28 12:42:24,887 log 2620 7156 "GET /members/dashboard/ HTTP/1.1" 500 98654
ERROR 2026-07-28 12:48:36,906 log 412 3476 Internal Server Error: /members/activities/
Traceback (most recent call last):
  File "C:\Users\CS\venv\Lib\site-packages\django\core\handlers\exception.py", line 55, in inner
    response = get_response(request)
  File "C:\Users\CS\venv\Lib\site-packages\django\core\handlers\base.py", line 198, in _get_response
    response = wrapped_callback(request, *callback_args, **callback_kwargs)
  File "C:\Users\CS\venv\Lib\site-packages\django\contrib\auth\decorators.py", line 59, in _view_wrapper
    return view_func(request, *args, **kwargs)
  File "C:\Users\CS\OneDrive\Desktop\PROJECTS\kmpn\members\views.py", line 861, in member_activities
    return render(request, 'members/activities.html', context)
  File "C:\Users\CS\venv\Lib\site-packages\django\shortcuts.py", line 25, in render
    content = loader.render_to_string(template_name, context, request, using=using)
  File "C:\Users\CS\venv\Lib\site-packages\django\template\loader.py", line 61, in render_to_string
    template = get_template(template_name, using=using)
  File "C:\Users\CS\venv\Lib\site-packages\django\template\loader.py", line 19, in get_template
    raise TemplateDoesNotExist(template_name, chain=chain)
django.template.exceptions.TemplateDoesNotExist: members/activities.html
ERROR 2026-07-28 12:48:36,932 log 412 3476 "GET /members/activities/ HTTP/1.1" 500 111539
ERROR 2026-07-28 12:58:55,922 log 3700 6908 "GET /admin/events/event/ HTTP/1.1" 500 417363
ERROR 2026-07-28 13:20:32,398 log 3024 8452 Internal Server Error: /forums/thread/create/
Traceback (most recent call last):
  File "C:\Users\CS\venv\Lib\site-packages\django\core\handlers\exception.py", line 55, in inner
    response = get_response(request)
  File "C:\Users\CS\venv\Lib\site-packages\django\core\handlers\base.py", line 198, in _get_response
    response = wrapped_callback(request, *callback_args, **callback_kwargs)
  File "C:\Users\CS\venv\Lib\site-packages\django\contrib\auth\decorators.py", line 59, in _view_wrapper
    return view_func(request, *args, **kwargs)
  File "C:\Users\CS\OneDrive\Desktop\PROJECTS\kmpn\accounts\decorators.py", line 110, in wrapper
    response = view_func(request, *args, **kwargs)
  File "C:\Users\CS\OneDrive\Desktop\PROJECTS\kmpn\forums\views.py", line 191, in create_thread
    return render(request, 'forums/create_thread.html', context)
  File "C:\Users\CS\venv\Lib\site-packages\django\shortcuts.py", line 25, in render
    content = loader.render_to_string(template_name, context, request, using=using)
  File "C:\Users\CS\venv\Lib\site-packages\django\template\loader.py", line 61, in render_to_string
    template = get_template(template_name, using=using)
  File "C:\Users\CS\venv\Lib\site-packages\django\template\loader.py", line 19, in get_template
    raise TemplateDoesNotExist(template_name, chain=chain)
django.template.exceptions.TemplateDoesNotExist: forums/create_thread.html
ERROR 2026-07-28 13:20:32,528 log 3024 8452 "GET /forums/thread/create/ HTTP/1.1" 500 112637
ERROR 2026-07-28 13:25:38,847 log 4568 4700 Internal Server Error: /forums/thread/create/
Traceback (most recent call last):
  File "C:\Users\CS\venv\Lib\site-packages\django\core\handlers\exception.py", line 55, in inner
    response = get_response(request)
  File "C:\Users\CS\venv\Lib\site-packages\django\core\handlers\base.py", line 198, in _get_response
    response = wrapped_callback(request, *callback_args, **callback_kwargs)
  File "C:\Users\CS\venv\Lib\site-packages\django\contrib\auth\decorators.py", line 59, in _view_wrapper
    return view_func(request, *args, **kwargs)
  File "C:\Users\CS\OneDrive\Desktop\PROJECTS\kmpn\accounts\decorators.py", line 110, in wrapper
    response = view_func(request, *args, **kwargs)
  File "C:\Users\CS\OneDrive\Desktop\PROJECTS\kmpn\forums\views.py", line 212, in create_thread
    return render(request, 'forums/create_thread.html', context)
  File "C:\Users\CS\venv\Lib\site-packages\django\shortcuts.py", line 25, in render
    content = loader.render_to_string(template_name, context, request, using=using)
  File "C:\Users\CS\venv\Lib\site-packages\django\template\loader.py", line 61, in render_to_string
    template = get_template(template_name, using=using)
  File "C:\Users\CS\venv\Lib\site-packages\django\template\loader.py", line 19, in get_template
    raise TemplateDoesNotExist(template_name, chain=chain)
django.template.exceptions.TemplateDoesNotExist: forums/create_thread.html
ERROR 2026-07-28 13:25:38,874 log 4568 4700 "GET /forums/thread/create/ HTTP/1.1" 500 112769
ERROR 2026-07-28 13:51:30,562 log 7576 4236 Internal Server Error: /forums/thread/1/
Traceback (most recent call last):
  File "C:\Users\CS\venv\Lib\site-packages\django\core\handlers\exception.py", line 55, in inner
    response = get_response(request)
  File "C:\Users\CS\venv\Lib\site-packages\django\core\handlers\base.py", line 198, in _get_response
    response = wrapped_callback(request, *callback_args, **callback_kwargs)
  File "C:\Users\CS\OneDrive\Desktop\PROJECTS\kmpn\forums\views.py", line 166, in thread_detail
    return render(request, 'forums/thread_detail.html', context)
  File "C:\Users\CS\venv\Lib\site-packages\django\shortcuts.py", line 25, in render
    content = loader.render_to_string(template_name, context, request, using=using)
  File "C:\Users\CS\venv\Lib\site-packages\django\template\loader.py", line 62, in render_to_string
    return template.render(context, request)
           ~~~~~~~~~~~~~~~^^^^^^^^^^^^^^^^^^
  File "C:\Users\CS\venv\Lib\site-packages\django\template\backends\django.py", line 107, in render
    return self.template.render(context)
           ~~~~~~~~~~~~~~~~~~~~^^^^^^^^^
  File "C:\Users\CS\venv\Lib\site-packages\django\template\base.py", line 174, in render
    return self._render(context)
           ~~~~~~~~~~~~^^^^^^^^^
  File "C:\Users\CS\venv\Lib\site-packages\django\template\base.py", line 166, in _render
    return self.nodelist.render(context)
           ~~~~~~~~~~~~~~~~~~~~^^^^^^^^^
  File "C:\Users\CS\venv\Lib\site-packages\django\template\base.py", line 1091, in render
    return SafeString("".join([node.render_annotated(context) for node in self]))
                               ~~~~~~~~~~~~~~~~~~~~~^^^^^^^^^
  File "C:\Users\CS\venv\Lib\site-packages\django\template\base.py", line 1052, in render_annotated
    return self.render(context)
           ~~~~~~~~~~~^^^^^^^^^
  File "C:\Users\CS\venv\Lib\site-packages\django\template\loader_tags.py", line 160, in render
    return compiled_parent._render(context)
           ~~~~~~~~~~~~~~~~~~~~~~~^^^^^^^^^
  File "C:\Users\CS\venv\Lib\site-packages\django\template\base.py", line 166, in _render
    return self.nodelist.render(context)
           ~~~~~~~~~~~~~~~~~~~~^^^^^^^^^
  File "C:\Users\CS\venv\Lib\site-packages\django\template\base.py", line 1091, in render
    return SafeString("".join([node.render_annotated(context) for node in self]))
                               ~~~~~~~~~~~~~~~~~~~~~^^^^^^^^^
  File "C:\Users\CS\venv\Lib\site-packages\django\template\base.py", line 1052, in render_annotated
    return self.render(context)
           ~~~~~~~~~~~^^^^^^^^^
  File "C:\Users\CS\venv\Lib\site-packages\django\template\loader_tags.py", line 66, in render
    result = block.nodelist.render(context)
  File "C:\Users\CS\venv\Lib\site-packages\django\template\base.py", line 1091, in render
    return SafeString("".join([node.render_annotated(context) for node in self]))
                               ~~~~~~~~~~~~~~~~~~~~~^^^^^^^^^
  File "C:\Users\CS\venv\Lib\site-packages\django\template\base.py", line 1052, in render_annotated
    return self.render(context)
           ~~~~~~~~~~~^^^^^^^^^
  File "C:\Users\CS\venv\Lib\site-packages\django\template\defaulttags.py", line 333, in render
    return nodelist.render(context)
           ~~~~~~~~~~~~~~~^^^^^^^^^
  File "C:\Users\CS\venv\Lib\site-packages\django\template\base.py", line 1091, in render
    return SafeString("".join([node.render_annotated(context) for node in self]))
                               ~~~~~~~~~~~~~~~~~~~~~^^^^^^^^^
  File "C:\Users\CS\venv\Lib\site-packages\django\template\base.py", line 1052, in render_annotated
    return self.render(context)
           ~~~~~~~~~~~^^^^^^^^^
  File "C:\Users\CS\venv\Lib\site-packages\django\template\defaulttags.py", line 511, in render
    url = reverse(view_name, args=args, kwargs=kwargs, current_app=current_app)
  File "C:\Users\CS\venv\Lib\site-packages\django\urls\base.py", line 98, in reverse
    resolved_url = resolver._reverse_with_prefix(view, prefix, *args, **kwargs)
  File "C:\Users\CS\venv\Lib\site-packages\django\urls\resolvers.py", line 842, in _reverse_with_prefix
    raise NoReverseMatch(msg)
django.urls.exceptions.NoReverseMatch: Reverse for 'delete_thread' not found. 'delete_thread' is not a valid view function or pattern name.
ERROR 2026-07-28 13:51:30,612 log 7576 4236 "GET /forums/thread/1/ HTTP/1.1" 500 200735
ERROR 2026-07-28 14:13:21,467 log 8112 7312 Internal Server Error: /admin/members/member/
Traceback (most recent call last):
  File "C:\Users\CS\venv\Lib\site-packages\django\db\models\options.py", line 684, in get_field
    return self.fields_map[field_name]
           ~~~~~~~~~~~~~~~^^^^^^^^^^^^
KeyError: 'card_preview'

During handling of the above exception, another exception occurred:

Traceback (most recent call last):
  File "C:\Users\CS\venv\Lib\site-packages\django\contrib\admin\utils.py", line 293, in lookup_field
    f = _get_non_gfk_field(opts, name)
  File "C:\Users\CS\venv\Lib\site-packages\django\contrib\admin\utils.py", line 333, in _get_non_gfk_field
    field = opts.get_field(name)
  File "C:\Users\CS\venv\Lib\site-packages\django\db\models\options.py", line 686, in get_field
    raise FieldDoesNotExist(
        "%s has no field named '%s'" % (self.object_name, field_name)
    )
django.core.exceptions.FieldDoesNotExist: Member has no field named 'card_preview'

During handling of the above exception, another exception occurred:

Traceback (most recent call last):
  File "C:\Users\CS\venv\Lib\site-packages\django\core\handlers\exception.py", line 55, in inner
    response = get_response(request)
  File "C:\Users\CS\venv\Lib\site-packages\django\core\handlers\base.py", line 221, in _get_response
    response = response.render()
  File "C:\Users\CS\venv\Lib\site-packages\django\template\response.py", line 114, in render
    self.content = self.rendered_content
                   ^^^^^^^^^^^^^^^^^^^^^
  File "C:\Users\CS\venv\Lib\site-packages\django\template\response.py", line 92, in rendered_content
    return template.render(context, self._request)
           ~~~~~~~~~~~~~~~^^^^^^^^^^^^^^^^^^^^^^^^
  File "C:\Users\CS\venv\Lib\site-packages\django\template\backends\django.py", line 107, in render
    return self.template.render(context)
           ~~~~~~~~~~~~~~~~~~~~^^^^^^^^^
  File "C:\Users\CS\venv\Lib\site-packages\django\template\base.py", line 174, in render
    return self._render(context)
           ~~~~~~~~~~~~^^^^^^^^^
  File "C:\Users\CS\venv\Lib\site-packages\django\template\base.py", line 166, in _render
    return self.nodelist.render(context)
           ~~~~~~~~~~~~~~~~~~~~^^^^^^^^^
  File "C:\Users\CS\venv\Lib\site-packages\django\template\base.py", line 1091, in render
    return SafeString("".join([node.render_annotated(context) for node in self]))
                               ~~~~~~~~~~~~~~~~~~~~~^^^^^^^^^
  File "C:\Users\CS\venv\Lib\site-packages\django\template\base.py", line 1052, in render_annotated
    return self.render(context)
           ~~~~~~~~~~~^^^^^^^^^
  File "C:\Users\CS\venv\Lib\site-packages\django\template\loader_tags.py", line 160, in render
    return compiled_parent._render(context)
           ~~~~~~~~~~~~~~~~~~~~~~~^^^^^^^^^
  File "C:\Users\CS\venv\Lib\site-packages\django\template\base.py", line 166, in _render
    return self.nodelist.render(context)
           ~~~~~~~~~~~~~~~~~~~~^^^^^^^^^
  File "C:\Users\CS\venv\Lib\site-packages\django\template\base.py", line 1091, in render
    return SafeString("".join([node.render_annotated(context) for node in self]))
                               ~~~~~~~~~~~~~~~~~~~~~^^^^^^^^^
  File "C:\Users\CS\venv\Lib\site-packages\django\template\base.py", line 1052, in render_annotated
    return self.render(context)
           ~~~~~~~~~~~^^^^^^^^^
  File "C:\Users\CS\venv\Lib\site-packages\django\template\loader_tags.py", line 160, in render
    return compiled_parent._render(context)
           ~~~~~~~~~~~~~~~~~~~~~~~^^^^^^^^^
  File "C:\Users\CS\venv\Lib\site-packages\django\template\base.py", line 166, in _render
    return self.nodelist.render(context)
           ~~~~~~~~~~~~~~~~~~~~^^^^^^^^^
  File "C:\Users\CS\venv\Lib\site-packages\django\template\base.py", line 1091, in render
    return SafeString("".join([node.render_annotated(context) for node in self]))
                               ~~~~~~~~~~~~~~~~~~~~~^^^^^^^^^
  File "C:\Users\CS\venv\Lib\site-packages\django\template\base.py", line 1052, in render_annotated
    return self.render(context)
           ~~~~~~~~~~~^^^^^^^^^
  File "C:\Users\CS\venv\Lib\site-packages\django\template\loader_tags.py", line 66, in render
    result = block.nodelist.render(context)
  File "C:\Users\CS\venv\Lib\site-packages\django\template\base.py", line 1091, in render
    return SafeString("".join([node.render_annotated(context) for node in self]))
                               ~~~~~~~~~~~~~~~~~~~~~^^^^^^^^^
  File "C:\Users\CS\venv\Lib\site-packages\django\template\base.py", line 1052, in render_annotated
    return self.render(context)
           ~~~~~~~~~~~^^^^^^^^^
  File "C:\Users\CS\venv\Lib\site-packages\django\template\loader_tags.py", line 66, in render
    result = block.nodelist.render(context)
  File "C:\Users\CS\venv\Lib\site-packages\django\template\base.py", line 1091, in render
    return SafeString("".join([node.render_annotated(context) for node in self]))
                               ~~~~~~~~~~~~~~~~~~~~~^^^^^^^^^
  File "C:\Users\CS\venv\Lib\site-packages\django\template\base.py", line 1052, in render_annotated
    return self.render(context)
           ~~~~~~~~~~~^^^^^^^^^
  File "C:\Users\CS\venv\Lib\site-packages\django\contrib\admin\templatetags\base.py", line 47, in render
    return super().render(context)
           ~~~~~~~~~~~~~~^^^^^^^^^
  File "C:\Users\CS\venv\Lib\site-packages\django\template\library.py", line 363, in render
    _dict = self.func(*resolved_args, **resolved_kwargs)
  File "C:\Users\CS\venv\Lib\site-packages\django\contrib\admin\templatetags\admin_list.py", line 357, in result_list
    "results": list(results(cl)),
               ~~~~^^^^^^^^^^^^^
  File "C:\Users\CS\venv\Lib\site-packages\django\contrib\admin\templatetags\admin_list.py", line 333, in results
    yield ResultList(None, items_for_result(cl, res, None))
          ~~~~~~~~~~^^^^^^^^^^^^^^^^^^^^^^^^^^^^^^^^^^^^^^^
  File "C:\Users\CS\venv\Lib\site-packages\django\contrib\admin\templatetags\admin_list.py", line 324, in __init__
    super().__init__(*items)
    ~~~~~~~~~~~~~~~~^^^^^^^^
  File "C:\Users\CS\venv\Lib\site-packages\django\contrib\admin\templatetags\admin_list.py", line 221, in items_for_result
    f, attr, value = lookup_field(field_name, result, cl.model_admin)
                     ~~~~~~~~~~~~^^^^^^^^^^^^^^^^^^^^^^^^^^^^^^^^^^^^
  File "C:\Users\CS\venv\Lib\site-packages\django\contrib\admin\utils.py", line 302, in lookup_field
    value = attr(obj)
  File "C:\Users\CS\OneDrive\Desktop\PROJECTS\kmpn\members\admin.py", line 54, in card_preview
    return format_html('<span style="color: gray;">No card</span>')
  File "C:\Users\CS\venv\Lib\site-packages\django\utils\html.py", line 137, in format_html
    raise TypeError("args or kwargs must be provided.")
TypeError: args or kwargs must be provided.
ERROR 2026-07-28 14:13:21,534 log 8112 7312 "GET /admin/members/member/ HTTP/1.1" 500 415695
ERROR 2026-07-28 14:16:48,526 log 4860 10164 Internal Server Error: /admin/members/member/
Traceback (most recent call last):
  File "C:\Users\CS\venv\Lib\site-packages\django\db\models\options.py", line 684, in get_field
    return self.fields_map[field_name]
           ~~~~~~~~~~~~~~~^^^^^^^^^^^^
KeyError: 'card_preview'

During handling of the above exception, another exception occurred:

Traceback (most recent call last):
  File "C:\Users\CS\venv\Lib\site-packages\django\contrib\admin\utils.py", line 293, in lookup_field
    f = _get_non_gfk_field(opts, name)
  File "C:\Users\CS\venv\Lib\site-packages\django\contrib\admin\utils.py", line 333, in _get_non_gfk_field
    field = opts.get_field(name)
  File "C:\Users\CS\venv\Lib\site-packages\django\db\models\options.py", line 686, in get_field
    raise FieldDoesNotExist(
        "%s has no field named '%s'" % (self.object_name, field_name)
    )
django.core.exceptions.FieldDoesNotExist: Member has no field named 'card_preview'

During handling of the above exception, another exception occurred:

Traceback (most recent call last):
  File "C:\Users\CS\venv\Lib\site-packages\django\core\handlers\exception.py", line 55, in inner
    response = get_response(request)
  File "C:\Users\CS\venv\Lib\site-packages\django\core\handlers\base.py", line 221, in _get_response
    response = response.render()
  File "C:\Users\CS\venv\Lib\site-packages\django\template\response.py", line 114, in render
    self.content = self.rendered_content
                   ^^^^^^^^^^^^^^^^^^^^^
  File "C:\Users\CS\venv\Lib\site-packages\django\template\response.py", line 92, in rendered_content
    return template.render(context, self._request)
           ~~~~~~~~~~~~~~~^^^^^^^^^^^^^^^^^^^^^^^^
  File "C:\Users\CS\venv\Lib\site-packages\django\template\backends\django.py", line 107, in render
    return self.template.render(context)
           ~~~~~~~~~~~~~~~~~~~~^^^^^^^^^
  File "C:\Users\CS\venv\Lib\site-packages\django\template\base.py", line 174, in render
    return self._render(context)
           ~~~~~~~~~~~~^^^^^^^^^
  File "C:\Users\CS\venv\Lib\site-packages\django\template\base.py", line 166, in _render
    return self.nodelist.render(context)
           ~~~~~~~~~~~~~~~~~~~~^^^^^^^^^
  File "C:\Users\CS\venv\Lib\site-packages\django\template\base.py", line 1091, in render
    return SafeString("".join([node.render_annotated(context) for node in self]))
                               ~~~~~~~~~~~~~~~~~~~~~^^^^^^^^^
  File "C:\Users\CS\venv\Lib\site-packages\django\template\base.py", line 1052, in render_annotated
    return self.render(context)
           ~~~~~~~~~~~^^^^^^^^^
  File "C:\Users\CS\venv\Lib\site-packages\django\template\loader_tags.py", line 160, in render
    return compiled_parent._render(context)
           ~~~~~~~~~~~~~~~~~~~~~~~^^^^^^^^^
  File "C:\Users\CS\venv\Lib\site-packages\django\template\base.py", line 166, in _render
    return self.nodelist.render(context)
           ~~~~~~~~~~~~~~~~~~~~^^^^^^^^^
  File "C:\Users\CS\venv\Lib\site-packages\django\template\base.py", line 1091, in render
    return SafeString("".join([node.render_annotated(context) for node in self]))
                               ~~~~~~~~~~~~~~~~~~~~~^^^^^^^^^
  File "C:\Users\CS\venv\Lib\site-packages\django\template\base.py", line 1052, in render_annotated
    return self.render(context)
           ~~~~~~~~~~~^^^^^^^^^
  File "C:\Users\CS\venv\Lib\site-packages\django\template\loader_tags.py", line 160, in render
    return compiled_parent._render(context)
           ~~~~~~~~~~~~~~~~~~~~~~~^^^^^^^^^
  File "C:\Users\CS\venv\Lib\site-packages\django\template\base.py", line 166, in _render
    return self.nodelist.render(context)
           ~~~~~~~~~~~~~~~~~~~~^^^^^^^^^
  File "C:\Users\CS\venv\Lib\site-packages\django\template\base.py", line 1091, in render
    return SafeString("".join([node.render_annotated(context) for node in self]))
                               ~~~~~~~~~~~~~~~~~~~~~^^^^^^^^^
  File "C:\Users\CS\venv\Lib\site-packages\django\template\base.py", line 1052, in render_annotated
    return self.render(context)
           ~~~~~~~~~~~^^^^^^^^^
  File "C:\Users\CS\venv\Lib\site-packages\django\template\loader_tags.py", line 66, in render
    result = block.nodelist.render(context)
  File "C:\Users\CS\venv\Lib\site-packages\django\template\base.py", line 1091, in render
    return SafeString("".join([node.render_annotated(context) for node in self]))
                               ~~~~~~~~~~~~~~~~~~~~~^^^^^^^^^
  File "C:\Users\CS\venv\Lib\site-packages\django\template\base.py", line 1052, in render_annotated
    return self.render(context)
           ~~~~~~~~~~~^^^^^^^^^
  File "C:\Users\CS\venv\Lib\site-packages\django\template\loader_tags.py", line 66, in render
    result = block.nodelist.render(context)
  File "C:\Users\CS\venv\Lib\site-packages\django\template\base.py", line 1091, in render
    return SafeString("".join([node.render_annotated(context) for node in self]))
                               ~~~~~~~~~~~~~~~~~~~~~^^^^^^^^^
  File "C:\Users\CS\venv\Lib\site-packages\django\template\base.py", line 1052, in render_annotated
    return self.render(context)
           ~~~~~~~~~~~^^^^^^^^^
  File "C:\Users\CS\venv\Lib\site-packages\django\contrib\admin\templatetags\base.py", line 47, in render
    return super().render(context)
           ~~~~~~~~~~~~~~^^^^^^^^^
  File "C:\Users\CS\venv\Lib\site-packages\django\template\library.py", line 363, in render
    _dict = self.func(*resolved_args, **resolved_kwargs)
  File "C:\Users\CS\venv\Lib\site-packages\django\contrib\admin\templatetags\admin_list.py", line 357, in result_list
    "results": list(results(cl)),
               ~~~~^^^^^^^^^^^^^
  File "C:\Users\CS\venv\Lib\site-packages\django\contrib\admin\templatetags\admin_list.py", line 333, in results
    yield ResultList(None, items_for_result(cl, res, None))
          ~~~~~~~~~~^^^^^^^^^^^^^^^^^^^^^^^^^^^^^^^^^^^^^^^
  File "C:\Users\CS\venv\Lib\site-packages\django\contrib\admin\templatetags\admin_list.py", line 324, in __init__
    super().__init__(*items)
    ~~~~~~~~~~~~~~~~^^^^^^^^
  File "C:\Users\CS\venv\Lib\site-packages\django\contrib\admin\templatetags\admin_list.py", line 221, in items_for_result
    f, attr, value = lookup_field(field_name, result, cl.model_admin)
                     ~~~~~~~~~~~~^^^^^^^^^^^^^^^^^^^^^^^^^^^^^^^^^^^^
  File "C:\Users\CS\venv\Lib\site-packages\django\contrib\admin\utils.py", line 302, in lookup_field
    value = attr(obj)
  File "C:\Users\CS\OneDrive\Desktop\PROJECTS\kmpn\members\admin.py", line 167, in card_preview
    return format_html(
        '<span style="color: gray;">No card</span>'
    )
  File "C:\Users\CS\venv\Lib\site-packages\django\utils\html.py", line 137, in format_html
    raise TypeError("args or kwargs must be provided.")
TypeError: args or kwargs must be provided.
ERROR 2026-07-28 14:16:48,540 log 4860 10164 "GET /admin/members/member/ HTTP/1.1" 500 417476
ERROR 2026-07-28 14:20:17,218 log 6336 3024 Internal Server Error: /members/2/
Traceback (most recent call last):
  File "C:\Users\CS\venv\Lib\site-packages\django\core\handlers\exception.py", line 55, in inner
    response = get_response(request)
  File "C:\Users\CS\venv\Lib\site-packages\django\core\handlers\base.py", line 198, in _get_response
    response = wrapped_callback(request, *callback_args, **callback_kwargs)
  File "C:\Users\CS\OneDrive\Desktop\PROJECTS\kmpn\members\views.py", line 641, in member_detail
    return render(request, 'members/member_detail.html', context)
  File "C:\Users\CS\venv\Lib\site-packages\django\shortcuts.py", line 25, in render
    content = loader.render_to_string(template_name, context, request, using=using)
  File "C:\Users\CS\venv\Lib\site-packages\django\template\loader.py", line 61, in render_to_string
    template = get_template(template_name, using=using)
  File "C:\Users\CS\venv\Lib\site-packages\django\template\loader.py", line 15, in get_template
    return engine.get_template(template_name)
           ~~~~~~~~~~~~~~~~~~~^^^^^^^^^^^^^^^
  File "C:\Users\CS\venv\Lib\site-packages\django\template\backends\django.py", line 79, in get_template
    return Template(self.engine.get_template(template_name), self)
                    ~~~~~~~~~~~~~~~~~~~~~~~~^^^^^^^^^^^^^^^
  File "C:\Users\CS\venv\Lib\site-packages\django\template\engine.py", line 186, in get_template
    template, origin = self.find_template(template_name)
                       ~~~~~~~~~~~~~~~~~~^^^^^^^^^^^^^^^
  File "C:\Users\CS\venv\Lib\site-packages\django\template\engine.py", line 159, in find_template
    template = loader.get_template(name, skip=skip)
  File "C:\Users\CS\venv\Lib\site-packages\django\template\loaders\cached.py", line 57, in get_template
    template = super().get_template(template_name, skip)
  File "C:\Users\CS\venv\Lib\site-packages\django\template\loaders\base.py", line 28, in get_template
    return Template(
        contents,
    ...<2 lines>...
        self.engine,
    )
  File "C:\Users\CS\venv\Lib\site-packages\django\template\base.py", line 157, in __init__
    self.nodelist = self.compile_nodelist()
                    ~~~~~~~~~~~~~~~~~~~~~^^
  File "C:\Users\CS\venv\Lib\site-packages\django\template\base.py", line 199, in compile_nodelist
    nodelist = parser.parse()
  File "C:\Users\CS\venv\Lib\site-packages\django\template\base.py", line 585, in parse
    raise self.error(token, e)
  File "C:\Users\CS\venv\Lib\site-packages\django\template\base.py", line 583, in parse
    compiled_result = compile_func(self, token)
  File "C:\Users\CS\venv\Lib\site-packages\django\template\loader_tags.py", line 307, in do_extends
    nodelist = parser.parse()
  File "C:\Users\CS\venv\Lib\site-packages\django\template\base.py", line 585, in parse
    raise self.error(token, e)
  File "C:\Users\CS\venv\Lib\site-packages\django\template\base.py", line 583, in parse
    compiled_result = compile_func(self, token)
  File "C:\Users\CS\venv\Lib\site-packages\django\template\loader_tags.py", line 235, in do_block
    nodelist = parser.parse(("endblock",))
  File "C:\Users\CS\venv\Lib\site-packages\django\template\base.py", line 585, in parse
    raise self.error(token, e)
  File "C:\Users\CS\venv\Lib\site-packages\django\template\base.py", line 583, in parse
    compiled_result = compile_func(self, token)
  File "C:\Users\CS\venv\Lib\site-packages\django\template\defaulttags.py", line 994, in do_if
    nodelist = parser.parse(("elif", "else", "endif"))
  File "C:\Users\CS\venv\Lib\site-packages\django\template\base.py", line 585, in parse
    raise self.error(token, e)
  File "C:\Users\CS\venv\Lib\site-packages\django\template\base.py", line 583, in parse
    compiled_result = compile_func(self, token)
  File "C:\Users\CS\venv\Lib\site-packages\django\template\defaulttags.py", line 893, in do_for
    sequence = parser.compile_filter(bits[in_index + 1])
  File "C:\Users\CS\venv\Lib\site-packages\django\template\base.py", line 676, in compile_filter
    return FilterExpression(token, self)
  File "C:\Users\CS\venv\Lib\site-packages\django\template\base.py", line 771, in __init__
    filter_func = parser.find_filter(filter_name)
  File "C:\Users\CS\venv\Lib\site-packages\django\template\base.py", line 682, in find_filter
    raise TemplateSyntaxError("Invalid filter: '%s'" % filter_name)
django.template.exceptions.TemplateSyntaxError: Template: C:\Users\CS\OneDrive\Desktop\PROJECTS\kmpn\templates\members\member_detail.html, Invalid filter: 'split'
ERROR 2026-07-28 14:20:17,252 log 6336 3024 "GET /members/2/ HTTP/1.1" 500 311603
ERROR 2026-07-28 14:38:52,607 log 6336 5760 Internal Server Error: /admin/accounts/registrationapplication/
Traceback (most recent call last):
  File "C:\Users\CS\venv\Lib\site-packages\django\core\handlers\exception.py", line 55, in inner
    response = get_response(request)
  File "C:\Users\CS\venv\Lib\site-packages\django\core\handlers\base.py", line 198, in _get_response
    response = wrapped_callback(request, *callback_args, **callback_kwargs)
  File "C:\Users\CS\venv\Lib\site-packages\django\contrib\admin\options.py", line 711, in wrapper
    return self.admin_site.admin_view(view)(*args, **kwargs)
           ~~~~~~~~~~~~~~~~~~~~~~~~~~~~~~~~^^^^^^^^^^^^^^^^^
  File "C:\Users\CS\venv\Lib\site-packages\django\utils\decorators.py", line 192, in _view_wrapper
    result = _process_exception(request, e)
  File "C:\Users\CS\venv\Lib\site-packages\django\utils\decorators.py", line 190, in _view_wrapper
    response = view_func(request, *args, **kwargs)
  File "C:\Users\CS\venv\Lib\site-packages\django\views\decorators\cache.py", line 80, in _view_wrapper
    response = view_func(request, *args, **kwargs)
  File "C:\Users\CS\venv\Lib\site-packages\django\contrib\admin\sites.py", line 247, in inner
    return view(request, *args, **kwargs)
  File "C:\Users\CS\venv\Lib\site-packages\django\utils\decorators.py", line 48, in _wrapper
    return bound_method(*args, **kwargs)
  File "C:\Users\CS\venv\Lib\site-packages\django\utils\decorators.py", line 192, in _view_wrapper
    result = _process_exception(request, e)
  File "C:\Users\CS\venv\Lib\site-packages\django\utils\decorators.py", line 190, in _view_wrapper
    response = view_func(request, *args, **kwargs)
  File "C:\Users\CS\venv\Lib\site-packages\django\contrib\admin\options.py", line 2016, in changelist_view
    response = self.response_action(
        request, queryset=cl.get_queryset(request)
    )
  File "C:\Users\CS\venv\Lib\site-packages\django\contrib\admin\options.py", line 1645, in response_action
    response = func(self, request, queryset)
  File "C:\Users\CS\OneDrive\Desktop\PROJECTS\kmpn\accounts\admin.py", line 265, in approve_applications
    from .utils import send_approval_email, generate_membership_number
ImportError: cannot import name 'generate_membership_number' from 'accounts.utils' (C:\Users\CS\OneDrive\Desktop\PROJECTS\kmpn\accounts\utils.py)
ERROR 2026-07-28 14:38:54,606 log 6336 5760 "POST /admin/accounts/registrationapplication/ HTTP/1.1" 500 140410
ERROR 2026-07-28 14:53:16,418 log 8560 4172 Internal Server Error: /communities/create/
Traceback (most recent call last):
  File "C:\Users\CS\venv\Lib\site-packages\django\core\handlers\exception.py", line 55, in inner
    response = get_response(request)
  File "C:\Users\CS\venv\Lib\site-packages\django\core\handlers\base.py", line 198, in _get_response
    response = wrapped_callback(request, *callback_args, **callback_kwargs)
  File "C:\Users\CS\venv\Lib\site-packages\django\contrib\auth\decorators.py", line 59, in _view_wrapper
    return view_func(request, *args, **kwargs)
  File "C:\Users\CS\OneDrive\Desktop\PROJECTS\kmpn\accounts\decorators.py", line 110, in wrapper
    response = view_func(request, *args, **kwargs)
  File "C:\Users\CS\OneDrive\Desktop\PROJECTS\kmpn\communities\views.py", line 172, in community_create
    return render(request, 'communities/create.html', context)
  File "C:\Users\CS\venv\Lib\site-packages\django\shortcuts.py", line 25, in render
    content = loader.render_to_string(template_name, context, request, using=using)
  File "C:\Users\CS\venv\Lib\site-packages\django\template\loader.py", line 61, in render_to_string
    template = get_template(template_name, using=using)
  File "C:\Users\CS\venv\Lib\site-packages\django\template\loader.py", line 19, in get_template
    raise TemplateDoesNotExist(template_name, chain=chain)
django.template.exceptions.TemplateDoesNotExist: communities/create.html
ERROR 2026-07-28 14:53:16,437 log 8560 4172 "GET /communities/create/ HTTP/1.1" 500 112402
ERROR 2026-07-28 15:06:55,197 log 3064 8616 Internal Server Error: /communities/artificial-intelligence-machine-learning-researchers/
Traceback (most recent call last):
  File "C:\Users\CS\venv\Lib\site-packages\django\core\handlers\exception.py", line 55, in inner
    response = get_response(request)
  File "C:\Users\CS\venv\Lib\site-packages\django\core\handlers\base.py", line 198, in _get_response
    response = wrapped_callback(request, *callback_args, **callback_kwargs)
  File "C:\Users\CS\venv\Lib\site-packages\django\contrib\auth\decorators.py", line 59, in _view_wrapper
    return view_func(request, *args, **kwargs)
  File "C:\Users\CS\OneDrive\Desktop\PROJECTS\kmpn\communities\views.py", line 227, in community_detail
    posts = posts.order_by('-pinned', '-created_at')
  File "C:\Users\CS\venv\Lib\site-packages\django\db\models\query.py", line 1772, in order_by
    obj.query.add_ordering(*field_names)
    ~~~~~~~~~~~~~~~~~~~~~~^^^^^^^^^^^^^^
  File "C:\Users\CS\venv\Lib\site-packages\django\db\models\sql\query.py", line 2343, in add_ordering
    self.names_to_path(item.split(LOOKUP_SEP), self.model._meta)
    ~~~~~~~~~~~~~~~~~~^^^^^^^^^^^^^^^^^^^^^^^^^^^^^^^^^^^^^^^^^^
  File "C:\Users\CS\venv\Lib\site-packages\django\db\models\sql\query.py", line 1842, in names_to_path
    raise FieldError(
    ...<2 lines>...
    )
django.core.exceptions.FieldError: Cannot resolve keyword 'pinned' into field. Choices are: attachments, author, author_id, comment_count, comments, community, community_id, communitylike, content, cover_image, created_at, id, like_count, poll_data, poll_votes, post_type, published_at, share_count, status, tags, title, updated_at, view_count
ERROR 2026-07-28 15:06:55,299 log 3064 8616 "GET /communities/artificial-intelligence-machine-learning-researchers/ HTTP/1.1" 500 107615
ERROR 2026-07-28 15:25:33,138 log 6268 3204 Internal Server Error: /admin/resources/resource/add/
Traceback (most recent call last):
  File "C:\Users\CS\venv\Lib\site-packages\django\core\handlers\exception.py", line 55, in inner
    response = get_response(request)
  File "C:\Users\CS\venv\Lib\site-packages\django\core\handlers\base.py", line 221, in _get_response
    response = response.render()
  File "C:\Users\CS\venv\Lib\site-packages\django\template\response.py", line 114, in render
    self.content = self.rendered_content
                   ^^^^^^^^^^^^^^^^^^^^^
  File "C:\Users\CS\venv\Lib\site-packages\django\template\response.py", line 92, in rendered_content
    return template.render(context, self._request)
           ~~~~~~~~~~~~~~~^^^^^^^^^^^^^^^^^^^^^^^^
  File "C:\Users\CS\venv\Lib\site-packages\django\template\backends\django.py", line 107, in render
    return self.template.render(context)
           ~~~~~~~~~~~~~~~~~~~~^^^^^^^^^
  File "C:\Users\CS\venv\Lib\site-packages\django\template\base.py", line 174, in render
    return self._render(context)
           ~~~~~~~~~~~~^^^^^^^^^
  File "C:\Users\CS\venv\Lib\site-packages\django\template\base.py", line 166, in _render
    return self.nodelist.render(context)
           ~~~~~~~~~~~~~~~~~~~~^^^^^^^^^
  File "C:\Users\CS\venv\Lib\site-packages\django\template\base.py", line 1091, in render
    return SafeString("".join([node.render_annotated(context) for node in self]))
                               ~~~~~~~~~~~~~~~~~~~~~^^^^^^^^^
  File "C:\Users\CS\venv\Lib\site-packages\django\template\base.py", line 1052, in render_annotated
    return self.render(context)
           ~~~~~~~~~~~^^^^^^^^^
  File "C:\Users\CS\venv\Lib\site-packages\django\template\loader_tags.py", line 160, in render
    return compiled_parent._render(context)
           ~~~~~~~~~~~~~~~~~~~~~~~^^^^^^^^^
  File "C:\Users\CS\venv\Lib\site-packages\django\template\base.py", line 166, in _render
    return self.nodelist.render(context)
           ~~~~~~~~~~~~~~~~~~~~^^^^^^^^^
  File "C:\Users\CS\venv\Lib\site-packages\django\template\base.py", line 1091, in render
    return SafeString("".join([node.render_annotated(context) for node in self]))
                               ~~~~~~~~~~~~~~~~~~~~~^^^^^^^^^
  File "C:\Users\CS\venv\Lib\site-packages\django\template\base.py", line 1052, in render_annotated
    return self.render(context)
           ~~~~~~~~~~~^^^^^^^^^
  File "C:\Users\CS\venv\Lib\site-packages\django\template\loader_tags.py", line 160, in render
    return compiled_parent._render(context)
           ~~~~~~~~~~~~~~~~~~~~~~~^^^^^^^^^
  File "C:\Users\CS\venv\Lib\site-packages\django\template\base.py", line 166, in _render
    return self.nodelist.render(context)
           ~~~~~~~~~~~~~~~~~~~~^^^^^^^^^
  File "C:\Users\CS\venv\Lib\site-packages\django\template\base.py", line 1091, in render
    return SafeString("".join([node.render_annotated(context) for node in self]))
                               ~~~~~~~~~~~~~~~~~~~~~^^^^^^^^^
  File "C:\Users\CS\venv\Lib\site-packages\django\template\base.py", line 1052, in render_annotated
    return self.render(context)
           ~~~~~~~~~~~^^^^^^^^^
  File "C:\Users\CS\venv\Lib\site-packages\django\template\loader_tags.py", line 66, in render
    result = block.nodelist.render(context)
  File "C:\Users\CS\venv\Lib\site-packages\django\template\base.py", line 1091, in render
    return SafeString("".join([node.render_annotated(context) for node in self]))
                               ~~~~~~~~~~~~~~~~~~~~~^^^^^^^^^
  File "C:\Users\CS\venv\Lib\site-packages\django\template\base.py", line 1052, in render_annotated
    return self.render(context)
           ~~~~~~~~~~~^^^^^^^^^
  File "C:\Users\CS\venv\Lib\site-packages\django\template\loader_tags.py", line 66, in render
    result = block.nodelist.render(context)
  File "C:\Users\CS\venv\Lib\site-packages\django\template\base.py", line 1091, in render
    return SafeString("".join([node.render_annotated(context) for node in self]))
                               ~~~~~~~~~~~~~~~~~~~~~^^^^^^^^^
  File "C:\Users\CS\venv\Lib\site-packages\django\template\base.py", line 1052, in render_annotated
    return self.render(context)
           ~~~~~~~~~~~^^^^^^^^^
  File "C:\Users\CS\venv\Lib\site-packages\django\template\defaulttags.py", line 249, in render
    nodelist.append(node.render_annotated(context))
                    ~~~~~~~~~~~~~~~~~~~~~^^^^^^^^^
  File "C:\Users\CS\venv\Lib\site-packages\django\template\base.py", line 1052, in render_annotated
    return self.render(context)
           ~~~~~~~~~~~^^^^^^^^^
  File "C:\Users\CS\venv\Lib\site-packages\django\template\loader_tags.py", line 211, in render
    return template.render(context)
           ~~~~~~~~~~~~~~~^^^^^^^^^
  File "C:\Users\CS\venv\Lib\site-packages\django\template\base.py", line 176, in render
    return self._render(context)
           ~~~~~~~~~~~~^^^^^^^^^
  File "C:\Users\CS\venv\Lib\site-packages\django\template\base.py", line 166, in _render
    return self.nodelist.render(context)
           ~~~~~~~~~~~~~~~~~~~~^^^^^^^^^
  File "C:\Users\CS\venv\Lib\site-packages\django\template\base.py", line 1091, in render
    return SafeString("".join([node.render_annotated(context) for node in self]))
                               ~~~~~~~~~~~~~~~~~~~~~^^^^^^^^^
  File "C:\Users\CS\venv\Lib\site-packages\django\template\base.py", line 1052, in render_annotated
    return self.render(context)
           ~~~~~~~~~~~^^^^^^^^^
  File "C:\Users\CS\venv\Lib\site-packages\django\template\defaulttags.py", line 249, in render
    nodelist.append(node.render_annotated(context))
                    ~~~~~~~~~~~~~~~~~~~~~^^^^^^^^^
  File "C:\Users\CS\venv\Lib\site-packages\django\template\base.py", line 1052, in render_annotated
    return self.render(context)
           ~~~~~~~~~~~^^^^^^^^^
  File "C:\Users\CS\venv\Lib\site-packages\django\template\defaulttags.py", line 249, in render
    nodelist.append(node.render_annotated(context))
                    ~~~~~~~~~~~~~~~~~~~~~^^^^^^^^^
  File "C:\Users\CS\venv\Lib\site-packages\django\template\base.py", line 1052, in render_annotated
    return self.render(context)
           ~~~~~~~~~~~^^^^^^^^^
  File "C:\Users\CS\venv\Lib\site-packages\django\template\defaulttags.py", line 333, in render
    return nodelist.render(context)
           ~~~~~~~~~~~~~~~^^^^^^^^^
  File "C:\Users\CS\venv\Lib\site-packages\django\template\base.py", line 1091, in render
    return SafeString("".join([node.render_annotated(context) for node in self]))
                               ~~~~~~~~~~~~~~~~~~~~~^^^^^^^^^
  File "C:\Users\CS\venv\Lib\site-packages\django\template\base.py", line 1052, in render_annotated
    return self.render(context)
           ~~~~~~~~~~~^^^^^^^^^
  File "C:\Users\CS\venv\Lib\site-packages\django\template\defaulttags.py", line 333, in render
    return nodelist.render(context)
           ~~~~~~~~~~~~~~~^^^^^^^^^
  File "C:\Users\CS\venv\Lib\site-packages\django\template\base.py", line 1091, in render
    return SafeString("".join([node.render_annotated(context) for node in self]))
                               ~~~~~~~~~~~~~~~~~~~~~^^^^^^^^^
  File "C:\Users\CS\venv\Lib\site-packages\django\template\base.py", line 1052, in render_annotated
    return self.render(context)
           ~~~~~~~~~~~^^^^^^^^^
  File "C:\Users\CS\venv\Lib\site-packages\django\template\base.py", line 1156, in render
    return render_value_in_context(output, context)
  File "C:\Users\CS\venv\Lib\site-packages\django\template\base.py", line 1133, in render_value_in_context
    value = str(value)
  File "C:\Users\CS\venv\Lib\site-packages\django\forms\utils.py", line 79, in __str__
    return self.as_widget()
           ~~~~~~~~~~~~~~^^
  File "C:\Users\CS\venv\Lib\site-packages\django\forms\boundfield.py", line 108, in as_widget
    return widget.render(
           ~~~~~~~~~~~~~^
        name=self.html_initial_name if only_initial else self.html_name,
        ^^^^^^^^^^^^^^^^^^^^^^^^^^^^^^^^^^^^^^^^^^^^^^^^^^^^^^^^^^^^^^^^
    ...<2 lines>...
        renderer=self.form.renderer,
        ^^^^^^^^^^^^^^^^^^^^^^^^^^^^
    )
    ^
  File "C:\Users\CS\venv\Lib\site-packages\django_ckeditor_5\widgets.py", line 86, in render
    context["upload_url"] = reverse(
                            ~~~~~~~^
        getattr(
        ^^^^^^^^
    ...<3 lines>...
        ),
        ^^
    )
    ^
  File "C:\Users\CS\venv\Lib\site-packages\django\urls\base.py", line 98, in reverse
    resolved_url = resolver._reverse_with_prefix(view, prefix, *args, **kwargs)
  File "C:\Users\CS\venv\Lib\site-packages\django\urls\resolvers.py", line 842, in _reverse_with_prefix
    raise NoReverseMatch(msg)
django.urls.exceptions.NoReverseMatch: Reverse for 'ck_editor_5_upload_file' not found. 'ck_editor_5_upload_file' is not a valid view function or pattern name.
ERROR 2026-07-28 15:25:33,314 log 6268 3204 "GET /admin/resources/resource/add/ HTTP/1.1" 500 581267
ERROR 2026-07-28 15:27:29,722 log 2104 9348 Internal Server Error: /admin/resources/resource/add/
Traceback (most recent call last):
  File "C:\Users\CS\venv\Lib\site-packages\django\db\models\options.py", line 684, in get_field
    return self.fields_map[field_name]
           ~~~~~~~~~~~~~~~^^^^^^^^^^^^
KeyError: 'average_rating_display'

During handling of the above exception, another exception occurred:

Traceback (most recent call last):
  File "C:\Users\CS\venv\Lib\site-packages\django\contrib\admin\utils.py", line 293, in lookup_field
    f = _get_non_gfk_field(opts, name)
  File "C:\Users\CS\venv\Lib\site-packages\django\contrib\admin\utils.py", line 333, in _get_non_gfk_field
    field = opts.get_field(name)
  File "C:\Users\CS\venv\Lib\site-packages\django\db\models\options.py", line 686, in get_field
    raise FieldDoesNotExist(
        "%s has no field named '%s'" % (self.object_name, field_name)
    )
django.core.exceptions.FieldDoesNotExist: Resource has no field named 'average_rating_display'

During handling of the above exception, another exception occurred:

Traceback (most recent call last):
  File "C:\Users\CS\venv\Lib\site-packages\django\core\handlers\exception.py", line 55, in inner
    response = get_response(request)
  File "C:\Users\CS\venv\Lib\site-packages\django\core\handlers\base.py", line 221, in _get_response
    response = response.render()
  File "C:\Users\CS\venv\Lib\site-packages\django\template\response.py", line 114, in render
    self.content = self.rendered_content
                   ^^^^^^^^^^^^^^^^^^^^^
  File "C:\Users\CS\venv\Lib\site-packages\django\template\response.py", line 92, in rendered_content
    return template.render(context, self._request)
           ~~~~~~~~~~~~~~~^^^^^^^^^^^^^^^^^^^^^^^^
  File "C:\Users\CS\venv\Lib\site-packages\django\template\backends\django.py", line 107, in render
    return self.template.render(context)
           ~~~~~~~~~~~~~~~~~~~~^^^^^^^^^
  File "C:\Users\CS\venv\Lib\site-packages\django\template\base.py", line 174, in render
    return self._render(context)
           ~~~~~~~~~~~~^^^^^^^^^
  File "C:\Users\CS\venv\Lib\site-packages\django\template\base.py", line 166, in _render
    return self.nodelist.render(context)
           ~~~~~~~~~~~~~~~~~~~~^^^^^^^^^
  File "C:\Users\CS\venv\Lib\site-packages\django\template\base.py", line 1091, in render
    return SafeString("".join([node.render_annotated(context) for node in self]))
                               ~~~~~~~~~~~~~~~~~~~~~^^^^^^^^^
  File "C:\Users\CS\venv\Lib\site-packages\django\template\base.py", line 1052, in render_annotated
    return self.render(context)
           ~~~~~~~~~~~^^^^^^^^^
  File "C:\Users\CS\venv\Lib\site-packages\django\template\loader_tags.py", line 160, in render
    return compiled_parent._render(context)
           ~~~~~~~~~~~~~~~~~~~~~~~^^^^^^^^^
  File "C:\Users\CS\venv\Lib\site-packages\django\template\base.py", line 166, in _render
    return self.nodelist.render(context)
           ~~~~~~~~~~~~~~~~~~~~^^^^^^^^^
  File "C:\Users\CS\venv\Lib\site-packages\django\template\base.py", line 1091, in render
    return SafeString("".join([node.render_annotated(context) for node in self]))
                               ~~~~~~~~~~~~~~~~~~~~~^^^^^^^^^
  File "C:\Users\CS\venv\Lib\site-packages\django\template\base.py", line 1052, in render_annotated
    return self.render(context)
           ~~~~~~~~~~~^^^^^^^^^
  File "C:\Users\CS\venv\Lib\site-packages\django\template\loader_tags.py", line 160, in render
    return compiled_parent._render(context)
           ~~~~~~~~~~~~~~~~~~~~~~~^^^^^^^^^
  File "C:\Users\CS\venv\Lib\site-packages\django\template\base.py", line 166, in _render
    return self.nodelist.render(context)
           ~~~~~~~~~~~~~~~~~~~~^^^^^^^^^
  File "C:\Users\CS\venv\Lib\site-packages\django\template\base.py", line 1091, in render
    return SafeString("".join([node.render_annotated(context) for node in self]))
                               ~~~~~~~~~~~~~~~~~~~~~^^^^^^^^^
  File "C:\Users\CS\venv\Lib\site-packages\django\template\base.py", line 1052, in render_annotated
    return self.render(context)
           ~~~~~~~~~~~^^^^^^^^^
  File "C:\Users\CS\venv\Lib\site-packages\django\template\loader_tags.py", line 66, in render
    result = block.nodelist.render(context)
  File "C:\Users\CS\venv\Lib\site-packages\django\template\base.py", line 1091, in render
    return SafeString("".join([node.render_annotated(context) for node in self]))
                               ~~~~~~~~~~~~~~~~~~~~~^^^^^^^^^
  File "C:\Users\CS\venv\Lib\site-packages\django\template\base.py", line 1052, in render_annotated
    return self.render(context)
           ~~~~~~~~~~~^^^^^^^^^
  File "C:\Users\CS\venv\Lib\site-packages\django\template\loader_tags.py", line 66, in render
    result = block.nodelist.render(context)
  File "C:\Users\CS\venv\Lib\site-packages\django\template\base.py", line 1091, in render
    return SafeString("".join([node.render_annotated(context) for node in self]))
                               ~~~~~~~~~~~~~~~~~~~~~^^^^^^^^^
  File "C:\Users\CS\venv\Lib\site-packages\django\template\base.py", line 1052, in render_annotated
    return self.render(context)
           ~~~~~~~~~~~^^^^^^^^^
  File "C:\Users\CS\venv\Lib\site-packages\django\template\defaulttags.py", line 249, in render
    nodelist.append(node.render_annotated(context))
                    ~~~~~~~~~~~~~~~~~~~~~^^^^^^^^^
  File "C:\Users\CS\venv\Lib\site-packages\django\template\base.py", line 1052, in render_annotated
    return self.render(context)
           ~~~~~~~~~~~^^^^^^^^^
  File "C:\Users\CS\venv\Lib\site-packages\django\template\loader_tags.py", line 211, in render
    return template.render(context)
           ~~~~~~~~~~~~~~~^^^^^^^^^
  File "C:\Users\CS\venv\Lib\site-packages\django\template\base.py", line 176, in render
    return self._render(context)
           ~~~~~~~~~~~~^^^^^^^^^
  File "C:\Users\CS\venv\Lib\site-packages\django\template\base.py", line 166, in _render
    return self.nodelist.render(context)
           ~~~~~~~~~~~~~~~~~~~~^^^^^^^^^
  File "C:\Users\CS\venv\Lib\site-packages\django\template\base.py", line 1091, in render
    return SafeString("".join([node.render_annotated(context) for node in self]))
                               ~~~~~~~~~~~~~~~~~~~~~^^^^^^^^^
  File "C:\Users\CS\venv\Lib\site-packages\django\template\base.py", line 1052, in render_annotated
    return self.render(context)
           ~~~~~~~~~~~^^^^^^^^^
  File "C:\Users\CS\venv\Lib\site-packages\django\template\defaulttags.py", line 249, in render
    nodelist.append(node.render_annotated(context))
                    ~~~~~~~~~~~~~~~~~~~~~^^^^^^^^^
  File "C:\Users\CS\venv\Lib\site-packages\django\template\base.py", line 1052, in render_annotated
    return self.render(context)
           ~~~~~~~~~~~^^^^^^^^^
  File "C:\Users\CS\venv\Lib\site-packages\django\template\defaulttags.py", line 249, in render
    nodelist.append(node.render_annotated(context))
                    ~~~~~~~~~~~~~~~~~~~~~^^^^^^^^^
  File "C:\Users\CS\venv\Lib\site-packages\django\template\base.py", line 1052, in render_annotated
    return self.render(context)
           ~~~~~~~~~~~^^^^^^^^^
  File "C:\Users\CS\venv\Lib\site-packages\django\template\defaulttags.py", line 333, in render
    return nodelist.render(context)
           ~~~~~~~~~~~~~~~^^^^^^^^^
  File "C:\Users\CS\venv\Lib\site-packages\django\template\base.py", line 1091, in render
    return SafeString("".join([node.render_annotated(context) for node in self]))
                               ~~~~~~~~~~~~~~~~~~~~~^^^^^^^^^
  File "C:\Users\CS\venv\Lib\site-packages\django\template\base.py", line 1052, in render_annotated
    return self.render(context)
           ~~~~~~~~~~~^^^^^^^^^
  File "C:\Users\CS\venv\Lib\site-packages\django\template\defaulttags.py", line 333, in render
    return nodelist.render(context)
           ~~~~~~~~~~~~~~~^^^^^^^^^
  File "C:\Users\CS\venv\Lib\site-packages\django\template\base.py", line 1091, in render
    return SafeString("".join([node.render_annotated(context) for node in self]))
                               ~~~~~~~~~~~~~~~~~~~~~^^^^^^^^^
  File "C:\Users\CS\venv\Lib\site-packages\django\template\base.py", line 1052, in render_annotated
    return self.render(context)
           ~~~~~~~~~~~^^^^^^^^^
  File "C:\Users\CS\venv\Lib\site-packages\django\template\base.py", line 1150, in render
    output = self.filter_expression.resolve(context)
  File "C:\Users\CS\venv\Lib\site-packages\django\template\base.py", line 788, in resolve
    obj = self.var.resolve(context)
  File "C:\Users\CS\venv\Lib\site-packages\django\template\base.py", line 928, in resolve
    value = self._resolve_lookup(context)
  File "C:\Users\CS\venv\Lib\site-packages\django\template\base.py", line 1000, in _resolve_lookup
    current = current()
  File "C:\Users\CS\venv\Lib\site-packages\django\contrib\admin\helpers.py", line 278, in contents
    f, attr, value = lookup_field(field, obj, model_admin)
                     ~~~~~~~~~~~~^^^^^^^^^^^^^^^^^^^^^^^^^
  File "C:\Users\CS\venv\Lib\site-packages\django\contrib\admin\utils.py", line 302, in lookup_field
    value = attr(obj)
  File "C:\Users\CS\OneDrive\Desktop\PROJECTS\kmpn\resources\admin.py", line 331, in average_rating_display
    return format_html('<span style="color: #6c757d;">No ratings</span>')
  File "C:\Users\CS\venv\Lib\site-packages\django\utils\html.py", line 137, in format_html
    raise TypeError("args or kwargs must be provided.")
TypeError: args or kwargs must be provided.
ERROR 2026-07-28 15:27:29,740 log 2104 9348 "GET /admin/resources/resource/add/ HTTP/1.1" 500 619610
ERROR 2026-07-28 15:29:05,946 log 1988 5772 Internal Server Error: /admin/resources/resource/add/
Traceback (most recent call last):
  File "C:\Users\CS\venv\Lib\site-packages\django\db\models\options.py", line 684, in get_field
    return self.fields_map[field_name]
           ~~~~~~~~~~~~~~~^^^^^^^^^^^^
KeyError: 'average_rating_display'

During handling of the above exception, another exception occurred:

Traceback (most recent call last):
  File "C:\Users\CS\venv\Lib\site-packages\django\contrib\admin\utils.py", line 293, in lookup_field
    f = _get_non_gfk_field(opts, name)
  File "C:\Users\CS\venv\Lib\site-packages\django\contrib\admin\utils.py", line 333, in _get_non_gfk_field
    field = opts.get_field(name)
  File "C:\Users\CS\venv\Lib\site-packages\django\db\models\options.py", line 686, in get_field
    raise FieldDoesNotExist(
        "%s has no field named '%s'" % (self.object_name, field_name)
    )
django.core.exceptions.FieldDoesNotExist: Resource has no field named 'average_rating_display'

During handling of the above exception, another exception occurred:

Traceback (most recent call last):
  File "C:\Users\CS\venv\Lib\site-packages\django\core\handlers\exception.py", line 55, in inner
    response = get_response(request)
  File "C:\Users\CS\venv\Lib\site-packages\django\core\handlers\base.py", line 221, in _get_response
    response = response.render()
  File "C:\Users\CS\venv\Lib\site-packages\django\template\response.py", line 114, in render
    self.content = self.rendered_content
                   ^^^^^^^^^^^^^^^^^^^^^
  File "C:\Users\CS\venv\Lib\site-packages\django\template\response.py", line 92, in rendered_content
    return template.render(context, self._request)
           ~~~~~~~~~~~~~~~^^^^^^^^^^^^^^^^^^^^^^^^
  File "C:\Users\CS\venv\Lib\site-packages\django\template\backends\django.py", line 107, in render
    return self.template.render(context)
           ~~~~~~~~~~~~~~~~~~~~^^^^^^^^^
  File "C:\Users\CS\venv\Lib\site-packages\django\template\base.py", line 174, in render
    return self._render(context)
           ~~~~~~~~~~~~^^^^^^^^^
  File "C:\Users\CS\venv\Lib\site-packages\django\template\base.py", line 166, in _render
    return self.nodelist.render(context)
           ~~~~~~~~~~~~~~~~~~~~^^^^^^^^^
  File "C:\Users\CS\venv\Lib\site-packages\django\template\base.py", line 1091, in render
    return SafeString("".join([node.render_annotated(context) for node in self]))
                               ~~~~~~~~~~~~~~~~~~~~~^^^^^^^^^
  File "C:\Users\CS\venv\Lib\site-packages\django\template\base.py", line 1052, in render_annotated
    return self.render(context)
           ~~~~~~~~~~~^^^^^^^^^
  File "C:\Users\CS\venv\Lib\site-packages\django\template\loader_tags.py", line 160, in render
    return compiled_parent._render(context)
           ~~~~~~~~~~~~~~~~~~~~~~~^^^^^^^^^
  File "C:\Users\CS\venv\Lib\site-packages\django\template\base.py", line 166, in _render
    return self.nodelist.render(context)
           ~~~~~~~~~~~~~~~~~~~~^^^^^^^^^
  File "C:\Users\CS\venv\Lib\site-packages\django\template\base.py", line 1091, in render
    return SafeString("".join([node.render_annotated(context) for node in self]))
                               ~~~~~~~~~~~~~~~~~~~~~^^^^^^^^^
  File "C:\Users\CS\venv\Lib\site-packages\django\template\base.py", line 1052, in render_annotated
    return self.render(context)
           ~~~~~~~~~~~^^^^^^^^^
  File "C:\Users\CS\venv\Lib\site-packages\django\template\loader_tags.py", line 160, in render
    return compiled_parent._render(context)
           ~~~~~~~~~~~~~~~~~~~~~~~^^^^^^^^^
  File "C:\Users\CS\venv\Lib\site-packages\django\template\base.py", line 166, in _render
    return self.nodelist.render(context)
           ~~~~~~~~~~~~~~~~~~~~^^^^^^^^^
  File "C:\Users\CS\venv\Lib\site-packages\django\template\base.py", line 1091, in render
    return SafeString("".join([node.render_annotated(context) for node in self]))
                               ~~~~~~~~~~~~~~~~~~~~~^^^^^^^^^
  File "C:\Users\CS\venv\Lib\site-packages\django\template\base.py", line 1052, in render_annotated
    return self.render(context)
           ~~~~~~~~~~~^^^^^^^^^
  File "C:\Users\CS\venv\Lib\site-packages\django\template\loader_tags.py", line 66, in render
    result = block.nodelist.render(context)
  File "C:\Users\CS\venv\Lib\site-packages\django\template\base.py", line 1091, in render
    return SafeString("".join([node.render_annotated(context) for node in self]))
                               ~~~~~~~~~~~~~~~~~~~~~^^^^^^^^^
  File "C:\Users\CS\venv\Lib\site-packages\django\template\base.py", line 1052, in render_annotated
    return self.render(context)
           ~~~~~~~~~~~^^^^^^^^^
  File "C:\Users\CS\venv\Lib\site-packages\django\template\loader_tags.py", line 66, in render
    result = block.nodelist.render(context)
  File "C:\Users\CS\venv\Lib\site-packages\django\template\base.py", line 1091, in render
    return SafeString("".join([node.render_annotated(context) for node in self]))
                               ~~~~~~~~~~~~~~~~~~~~~^^^^^^^^^
  File "C:\Users\CS\venv\Lib\site-packages\django\template\base.py", line 1052, in render_annotated
    return self.render(context)
           ~~~~~~~~~~~^^^^^^^^^
  File "C:\Users\CS\venv\Lib\site-packages\django\template\defaulttags.py", line 249, in render
    nodelist.append(node.render_annotated(context))
                    ~~~~~~~~~~~~~~~~~~~~~^^^^^^^^^
  File "C:\Users\CS\venv\Lib\site-packages\django\template\base.py", line 1052, in render_annotated
    return self.render(context)
           ~~~~~~~~~~~^^^^^^^^^
  File "C:\Users\CS\venv\Lib\site-packages\django\template\loader_tags.py", line 211, in render
    return template.render(context)
           ~~~~~~~~~~~~~~~^^^^^^^^^
  File "C:\Users\CS\venv\Lib\site-packages\django\template\base.py", line 176, in render
    return self._render(context)
           ~~~~~~~~~~~~^^^^^^^^^
  File "C:\Users\CS\venv\Lib\site-packages\django\template\base.py", line 166, in _render
    return self.nodelist.render(context)
           ~~~~~~~~~~~~~~~~~~~~^^^^^^^^^
  File "C:\Users\CS\venv\Lib\site-packages\django\template\base.py", line 1091, in render
    return SafeString("".join([node.render_annotated(context) for node in self]))
                               ~~~~~~~~~~~~~~~~~~~~~^^^^^^^^^
  File "C:\Users\CS\venv\Lib\site-packages\django\template\base.py", line 1052, in render_annotated
    return self.render(context)
           ~~~~~~~~~~~^^^^^^^^^
  File "C:\Users\CS\venv\Lib\site-packages\django\template\defaulttags.py", line 249, in render
    nodelist.append(node.render_annotated(context))
                    ~~~~~~~~~~~~~~~~~~~~~^^^^^^^^^
  File "C:\Users\CS\venv\Lib\site-packages\django\template\base.py", line 1052, in render_annotated
    return self.render(context)
           ~~~~~~~~~~~^^^^^^^^^
  File "C:\Users\CS\venv\Lib\site-packages\django\template\defaulttags.py", line 249, in render
    nodelist.append(node.render_annotated(context))
                    ~~~~~~~~~~~~~~~~~~~~~^^^^^^^^^
  File "C:\Users\CS\venv\Lib\site-packages\django\template\base.py", line 1052, in render_annotated
    return self.render(context)
           ~~~~~~~~~~~^^^^^^^^^
  File "C:\Users\CS\venv\Lib\site-packages\django\template\defaulttags.py", line 333, in render
    return nodelist.render(context)
           ~~~~~~~~~~~~~~~^^^^^^^^^
  File "C:\Users\CS\venv\Lib\site-packages\django\template\base.py", line 1091, in render
    return SafeString("".join([node.render_annotated(context) for node in self]))
                               ~~~~~~~~~~~~~~~~~~~~~^^^^^^^^^
  File "C:\Users\CS\venv\Lib\site-packages\django\template\base.py", line 1052, in render_annotated
    return self.render(context)
           ~~~~~~~~~~~^^^^^^^^^
  File "C:\Users\CS\venv\Lib\site-packages\django\template\defaulttags.py", line 333, in render
    return nodelist.render(context)
           ~~~~~~~~~~~~~~~^^^^^^^^^
  File "C:\Users\CS\venv\Lib\site-packages\django\template\base.py", line 1091, in render
    return SafeString("".join([node.render_annotated(context) for node in self]))
                               ~~~~~~~~~~~~~~~~~~~~~^^^^^^^^^
  File "C:\Users\CS\venv\Lib\site-packages\django\template\base.py", line 1052, in render_annotated
    return self.render(context)
           ~~~~~~~~~~~^^^^^^^^^
  File "C:\Users\CS\venv\Lib\site-packages\django\template\base.py", line 1150, in render
    output = self.filter_expression.resolve(context)
  File "C:\Users\CS\venv\Lib\site-packages\django\template\base.py", line 788, in resolve
    obj = self.var.resolve(context)
  File "C:\Users\CS\venv\Lib\site-packages\django\template\base.py", line 928, in resolve
    value = self._resolve_lookup(context)
  File "C:\Users\CS\venv\Lib\site-packages\django\template\base.py", line 1000, in _resolve_lookup
    current = current()
  File "C:\Users\CS\venv\Lib\site-packages\django\contrib\admin\helpers.py", line 278, in contents
    f, attr, value = lookup_field(field, obj, model_admin)
                     ~~~~~~~~~~~~^^^^^^^^^^^^^^^^^^^^^^^^^
  File "C:\Users\CS\venv\Lib\site-packages\django\contrib\admin\utils.py", line 302, in lookup_field
    value = attr(obj)
  File "C:\Users\CS\OneDrive\Desktop\PROJECTS\kmpn\resources\admin.py", line 331, in average_rating_display
    return format_html(
        '<span style="color: #6c757d;">No ratings</span>'
    )
  File "C:\Users\CS\venv\Lib\site-packages\django\utils\html.py", line 137, in format_html
    raise TypeError("args or kwargs must be provided.")
TypeError: args or kwargs must be provided.
ERROR 2026-07-28 15:29:05,967 log 1988 5772 "GET /admin/resources/resource/add/ HTTP/1.1" 500 619367
ERROR 2026-07-28 15:29:17,328 log 1988 5772 Internal Server Error: /admin/resources/resource/add/
Traceback (most recent call last):
  File "C:\Users\CS\venv\Lib\site-packages\django\db\models\options.py", line 684, in get_field
    return self.fields_map[field_name]
           ~~~~~~~~~~~~~~~^^^^^^^^^^^^
KeyError: 'average_rating_display'

During handling of the above exception, another exception occurred:

Traceback (most recent call last):
  File "C:\Users\CS\venv\Lib\site-packages\django\contrib\admin\utils.py", line 293, in lookup_field
    f = _get_non_gfk_field(opts, name)
  File "C:\Users\CS\venv\Lib\site-packages\django\contrib\admin\utils.py", line 333, in _get_non_gfk_field
    field = opts.get_field(name)
  File "C:\Users\CS\venv\Lib\site-packages\django\db\models\options.py", line 686, in get_field
    raise FieldDoesNotExist(
        "%s has no field named '%s'" % (self.object_name, field_name)
    )
django.core.exceptions.FieldDoesNotExist: Resource has no field named 'average_rating_display'

During handling of the above exception, another exception occurred:

Traceback (most recent call last):
  File "C:\Users\CS\venv\Lib\site-packages\django\core\handlers\exception.py", line 55, in inner
    response = get_response(request)
  File "C:\Users\CS\venv\Lib\site-packages\django\core\handlers\base.py", line 221, in _get_response
    response = response.render()
  File "C:\Users\CS\venv\Lib\site-packages\django\template\response.py", line 114, in render
    self.content = self.rendered_content
                   ^^^^^^^^^^^^^^^^^^^^^
  File "C:\Users\CS\venv\Lib\site-packages\django\template\response.py", line 92, in rendered_content
    return template.render(context, self._request)
           ~~~~~~~~~~~~~~~^^^^^^^^^^^^^^^^^^^^^^^^
  File "C:\Users\CS\venv\Lib\site-packages\django\template\backends\django.py", line 107, in render
    return self.template.render(context)
           ~~~~~~~~~~~~~~~~~~~~^^^^^^^^^
  File "C:\Users\CS\venv\Lib\site-packages\django\template\base.py", line 174, in render
    return self._render(context)
           ~~~~~~~~~~~~^^^^^^^^^
  File "C:\Users\CS\venv\Lib\site-packages\django\template\base.py", line 166, in _render
    return self.nodelist.render(context)
           ~~~~~~~~~~~~~~~~~~~~^^^^^^^^^
  File "C:\Users\CS\venv\Lib\site-packages\django\template\base.py", line 1091, in render
    return SafeString("".join([node.render_annotated(context) for node in self]))
                               ~~~~~~~~~~~~~~~~~~~~~^^^^^^^^^
  File "C:\Users\CS\venv\Lib\site-packages\django\template\base.py", line 1052, in render_annotated
    return self.render(context)
           ~~~~~~~~~~~^^^^^^^^^
  File "C:\Users\CS\venv\Lib\site-packages\django\template\loader_tags.py", line 160, in render
    return compiled_parent._render(context)
           ~~~~~~~~~~~~~~~~~~~~~~~^^^^^^^^^
  File "C:\Users\CS\venv\Lib\site-packages\django\template\base.py", line 166, in _render
    return self.nodelist.render(context)
           ~~~~~~~~~~~~~~~~~~~~^^^^^^^^^
  File "C:\Users\CS\venv\Lib\site-packages\django\template\base.py", line 1091, in render
    return SafeString("".join([node.render_annotated(context) for node in self]))
                               ~~~~~~~~~~~~~~~~~~~~~^^^^^^^^^
  File "C:\Users\CS\venv\Lib\site-packages\django\template\base.py", line 1052, in render_annotated
    return self.render(context)
           ~~~~~~~~~~~^^^^^^^^^
  File "C:\Users\CS\venv\Lib\site-packages\django\template\loader_tags.py", line 160, in render
    return compiled_parent._render(context)
           ~~~~~~~~~~~~~~~~~~~~~~~^^^^^^^^^
  File "C:\Users\CS\venv\Lib\site-packages\django\template\base.py", line 166, in _render
    return self.nodelist.render(context)
           ~~~~~~~~~~~~~~~~~~~~^^^^^^^^^
  File "C:\Users\CS\venv\Lib\site-packages\django\template\base.py", line 1091, in render
    return SafeString("".join([node.render_annotated(context) for node in self]))
                               ~~~~~~~~~~~~~~~~~~~~~^^^^^^^^^
  File "C:\Users\CS\venv\Lib\site-packages\django\template\base.py", line 1052, in render_annotated
    return self.render(context)
           ~~~~~~~~~~~^^^^^^^^^
  File "C:\Users\CS\venv\Lib\site-packages\django\template\loader_tags.py", line 66, in render
    result = block.nodelist.render(context)
  File "C:\Users\CS\venv\Lib\site-packages\django\template\base.py", line 1091, in render
    return SafeString("".join([node.render_annotated(context) for node in self]))
                               ~~~~~~~~~~~~~~~~~~~~~^^^^^^^^^
  File "C:\Users\CS\venv\Lib\site-packages\django\template\base.py", line 1052, in render_annotated
    return self.render(context)
           ~~~~~~~~~~~^^^^^^^^^
  File "C:\Users\CS\venv\Lib\site-packages\django\template\loader_tags.py", line 66, in render
    result = block.nodelist.render(context)
  File "C:\Users\CS\venv\Lib\site-packages\django\template\base.py", line 1091, in render
    return SafeString("".join([node.render_annotated(context) for node in self]))
                               ~~~~~~~~~~~~~~~~~~~~~^^^^^^^^^
  File "C:\Users\CS\venv\Lib\site-packages\django\template\base.py", line 1052, in render_annotated
    return self.render(context)
           ~~~~~~~~~~~^^^^^^^^^
  File "C:\Users\CS\venv\Lib\site-packages\django\template\defaulttags.py", line 249, in render
    nodelist.append(node.render_annotated(context))
                    ~~~~~~~~~~~~~~~~~~~~~^^^^^^^^^
  File "C:\Users\CS\venv\Lib\site-packages\django\template\base.py", line 1052, in render_annotated
    return self.render(context)
           ~~~~~~~~~~~^^^^^^^^^
  File "C:\Users\CS\venv\Lib\site-packages\django\template\loader_tags.py", line 211, in render
    return template.render(context)
           ~~~~~~~~~~~~~~~^^^^^^^^^
  File "C:\Users\CS\venv\Lib\site-packages\django\template\base.py", line 176, in render
    return self._render(context)
           ~~~~~~~~~~~~^^^^^^^^^
  File "C:\Users\CS\venv\Lib\site-packages\django\template\base.py", line 166, in _render
    return self.nodelist.render(context)
           ~~~~~~~~~~~~~~~~~~~~^^^^^^^^^
  File "C:\Users\CS\venv\Lib\site-packages\django\template\base.py", line 1091, in render
    return SafeString("".join([node.render_annotated(context) for node in self]))
                               ~~~~~~~~~~~~~~~~~~~~~^^^^^^^^^
  File "C:\Users\CS\venv\Lib\site-packages\django\template\base.py", line 1052, in render_annotated
    return self.render(context)
           ~~~~~~~~~~~^^^^^^^^^
  File "C:\Users\CS\venv\Lib\site-packages\django\template\defaulttags.py", line 249, in render
    nodelist.append(node.render_annotated(context))
                    ~~~~~~~~~~~~~~~~~~~~~^^^^^^^^^
  File "C:\Users\CS\venv\Lib\site-packages\django\template\base.py", line 1052, in render_annotated
    return self.render(context)
           ~~~~~~~~~~~^^^^^^^^^
  File "C:\Users\CS\venv\Lib\site-packages\django\template\defaulttags.py", line 249, in render
    nodelist.append(node.render_annotated(context))
                    ~~~~~~~~~~~~~~~~~~~~~^^^^^^^^^
  File "C:\Users\CS\venv\Lib\site-packages\django\template\base.py", line 1052, in render_annotated
    return self.render(context)
           ~~~~~~~~~~~^^^^^^^^^
  File "C:\Users\CS\venv\Lib\site-packages\django\template\defaulttags.py", line 333, in render
    return nodelist.render(context)
           ~~~~~~~~~~~~~~~^^^^^^^^^
  File "C:\Users\CS\venv\Lib\site-packages\django\template\base.py", line 1091, in render
    return SafeString("".join([node.render_annotated(context) for node in self]))
                               ~~~~~~~~~~~~~~~~~~~~~^^^^^^^^^
  File "C:\Users\CS\venv\Lib\site-packages\django\template\base.py", line 1052, in render_annotated
    return self.render(context)
           ~~~~~~~~~~~^^^^^^^^^
  File "C:\Users\CS\venv\Lib\site-packages\django\template\defaulttags.py", line 333, in render
    return nodelist.render(context)
           ~~~~~~~~~~~~~~~^^^^^^^^^
  File "C:\Users\CS\venv\Lib\site-packages\django\template\base.py", line 1091, in render
    return SafeString("".join([node.render_annotated(context) for node in self]))
                               ~~~~~~~~~~~~~~~~~~~~~^^^^^^^^^
  File "C:\Users\CS\venv\Lib\site-packages\django\template\base.py", line 1052, in render_annotated
    return self.render(context)
           ~~~~~~~~~~~^^^^^^^^^
  File "C:\Users\CS\venv\Lib\site-packages\django\template\base.py", line 1150, in render
    output = self.filter_expression.resolve(context)
  File "C:\Users\CS\venv\Lib\site-packages\django\template\base.py", line 788, in resolve
    obj = self.var.resolve(context)
  File "C:\Users\CS\venv\Lib\site-packages\django\template\base.py", line 928, in resolve
    value = self._resolve_lookup(context)
  File "C:\Users\CS\venv\Lib\site-packages\django\template\base.py", line 1000, in _resolve_lookup
    current = current()
  File "C:\Users\CS\venv\Lib\site-packages\django\contrib\admin\helpers.py", line 278, in contents
    f, attr, value = lookup_field(field, obj, model_admin)
                     ~~~~~~~~~~~~^^^^^^^^^^^^^^^^^^^^^^^^^
  File "C:\Users\CS\venv\Lib\site-packages\django\contrib\admin\utils.py", line 302, in lookup_field
    value = attr(obj)
  File "C:\Users\CS\OneDrive\Desktop\PROJECTS\kmpn\resources\admin.py", line 331, in average_rating_display
    return format_html(
        '<span style="color: #6c757d;">No ratings</span>'
    )
  File "C:\Users\CS\venv\Lib\site-packages\django\utils\html.py", line 137, in format_html
    raise TypeError("args or kwargs must be provided.")
TypeError: args or kwargs must be provided.
ERROR 2026-07-28 15:29:17,396 log 1988 5772 "GET /admin/resources/resource/add/ HTTP/1.1" 500 619367
ERROR 2026-07-28 15:30:43,030 log 4344 9200 Internal Server Error: /admin/resources/resource/add/
Traceback (most recent call last):
  File "C:\Users\CS\venv\Lib\site-packages\django\db\models\options.py", line 684, in get_field
    return self.fields_map[field_name]
           ~~~~~~~~~~~~~~~^^^^^^^^^^^^
KeyError: 'preview_link'

During handling of the above exception, another exception occurred:

Traceback (most recent call last):
  File "C:\Users\CS\venv\Lib\site-packages\django\contrib\admin\utils.py", line 293, in lookup_field
    f = _get_non_gfk_field(opts, name)
  File "C:\Users\CS\venv\Lib\site-packages\django\contrib\admin\utils.py", line 333, in _get_non_gfk_field
    field = opts.get_field(name)
  File "C:\Users\CS\venv\Lib\site-packages\django\db\models\options.py", line 686, in get_field
    raise FieldDoesNotExist(
        "%s has no field named '%s'" % (self.object_name, field_name)
    )
django.core.exceptions.FieldDoesNotExist: Resource has no field named 'preview_link'

During handling of the above exception, another exception occurred:

Traceback (most recent call last):
  File "C:\Users\CS\venv\Lib\site-packages\django\core\handlers\exception.py", line 55, in inner
    response = get_response(request)
  File "C:\Users\CS\venv\Lib\site-packages\django\core\handlers\base.py", line 221, in _get_response
    response = response.render()
  File "C:\Users\CS\venv\Lib\site-packages\django\template\response.py", line 114, in render
    self.content = self.rendered_content
                   ^^^^^^^^^^^^^^^^^^^^^
  File "C:\Users\CS\venv\Lib\site-packages\django\template\response.py", line 92, in rendered_content
    return template.render(context, self._request)
           ~~~~~~~~~~~~~~~^^^^^^^^^^^^^^^^^^^^^^^^
  File "C:\Users\CS\venv\Lib\site-packages\django\template\backends\django.py", line 107, in render
    return self.template.render(context)
           ~~~~~~~~~~~~~~~~~~~~^^^^^^^^^
  File "C:\Users\CS\venv\Lib\site-packages\django\template\base.py", line 174, in render
    return self._render(context)
           ~~~~~~~~~~~~^^^^^^^^^
  File "C:\Users\CS\venv\Lib\site-packages\django\template\base.py", line 166, in _render
    return self.nodelist.render(context)
           ~~~~~~~~~~~~~~~~~~~~^^^^^^^^^
  File "C:\Users\CS\venv\Lib\site-packages\django\template\base.py", line 1091, in render
    return SafeString("".join([node.render_annotated(context) for node in self]))
                               ~~~~~~~~~~~~~~~~~~~~~^^^^^^^^^
  File "C:\Users\CS\venv\Lib\site-packages\django\template\base.py", line 1052, in render_annotated
    return self.render(context)
           ~~~~~~~~~~~^^^^^^^^^
  File "C:\Users\CS\venv\Lib\site-packages\django\template\loader_tags.py", line 160, in render
    return compiled_parent._render(context)
           ~~~~~~~~~~~~~~~~~~~~~~~^^^^^^^^^
  File "C:\Users\CS\venv\Lib\site-packages\django\template\base.py", line 166, in _render
    return self.nodelist.render(context)
           ~~~~~~~~~~~~~~~~~~~~^^^^^^^^^
  File "C:\Users\CS\venv\Lib\site-packages\django\template\base.py", line 1091, in render
    return SafeString("".join([node.render_annotated(context) for node in self]))
                               ~~~~~~~~~~~~~~~~~~~~~^^^^^^^^^
  File "C:\Users\CS\venv\Lib\site-packages\django\template\base.py", line 1052, in render_annotated
    return self.render(context)
           ~~~~~~~~~~~^^^^^^^^^
  File "C:\Users\CS\venv\Lib\site-packages\django\template\loader_tags.py", line 160, in render
    return compiled_parent._render(context)
           ~~~~~~~~~~~~~~~~~~~~~~~^^^^^^^^^
  File "C:\Users\CS\venv\Lib\site-packages\django\template\base.py", line 166, in _render
    return self.nodelist.render(context)
           ~~~~~~~~~~~~~~~~~~~~^^^^^^^^^
  File "C:\Users\CS\venv\Lib\site-packages\django\template\base.py", line 1091, in render
    return SafeString("".join([node.render_annotated(context) for node in self]))
                               ~~~~~~~~~~~~~~~~~~~~~^^^^^^^^^
  File "C:\Users\CS\venv\Lib\site-packages\django\template\base.py", line 1052, in render_annotated
    return self.render(context)
           ~~~~~~~~~~~^^^^^^^^^
  File "C:\Users\CS\venv\Lib\site-packages\django\template\loader_tags.py", line 66, in render
    result = block.nodelist.render(context)
  File "C:\Users\CS\venv\Lib\site-packages\django\template\base.py", line 1091, in render
    return SafeString("".join([node.render_annotated(context) for node in self]))
                               ~~~~~~~~~~~~~~~~~~~~~^^^^^^^^^
  File "C:\Users\CS\venv\Lib\site-packages\django\template\base.py", line 1052, in render_annotated
    return self.render(context)
           ~~~~~~~~~~~^^^^^^^^^
  File "C:\Users\CS\venv\Lib\site-packages\django\template\loader_tags.py", line 66, in render
    result = block.nodelist.render(context)
  File "C:\Users\CS\venv\Lib\site-packages\django\template\base.py", line 1091, in render
    return SafeString("".join([node.render_annotated(context) for node in self]))
                               ~~~~~~~~~~~~~~~~~~~~~^^^^^^^^^
  File "C:\Users\CS\venv\Lib\site-packages\django\template\base.py", line 1052, in render_annotated
    return self.render(context)
           ~~~~~~~~~~~^^^^^^^^^
  File "C:\Users\CS\venv\Lib\site-packages\django\template\defaulttags.py", line 249, in render
    nodelist.append(node.render_annotated(context))
                    ~~~~~~~~~~~~~~~~~~~~~^^^^^^^^^
  File "C:\Users\CS\venv\Lib\site-packages\django\template\base.py", line 1052, in render_annotated
    return self.render(context)
           ~~~~~~~~~~~^^^^^^^^^
  File "C:\Users\CS\venv\Lib\site-packages\django\template\loader_tags.py", line 211, in render
    return template.render(context)
           ~~~~~~~~~~~~~~~^^^^^^^^^
  File "C:\Users\CS\venv\Lib\site-packages\django\template\base.py", line 176, in render
    return self._render(context)
           ~~~~~~~~~~~~^^^^^^^^^
  File "C:\Users\CS\venv\Lib\site-packages\django\template\base.py", line 166, in _render
    return self.nodelist.render(context)
           ~~~~~~~~~~~~~~~~~~~~^^^^^^^^^
  File "C:\Users\CS\venv\Lib\site-packages\django\template\base.py", line 1091, in render
    return SafeString("".join([node.render_annotated(context) for node in self]))
                               ~~~~~~~~~~~~~~~~~~~~~^^^^^^^^^
  File "C:\Users\CS\venv\Lib\site-packages\django\template\base.py", line 1052, in render_annotated
    return self.render(context)
           ~~~~~~~~~~~^^^^^^^^^
  File "C:\Users\CS\venv\Lib\site-packages\django\template\defaulttags.py", line 249, in render
    nodelist.append(node.render_annotated(context))
                    ~~~~~~~~~~~~~~~~~~~~~^^^^^^^^^
  File "C:\Users\CS\venv\Lib\site-packages\django\template\base.py", line 1052, in render_annotated
    return self.render(context)
           ~~~~~~~~~~~^^^^^^^^^
  File "C:\Users\CS\venv\Lib\site-packages\django\template\defaulttags.py", line 249, in render
    nodelist.append(node.render_annotated(context))
                    ~~~~~~~~~~~~~~~~~~~~~^^^^^^^^^
  File "C:\Users\CS\venv\Lib\site-packages\django\template\base.py", line 1052, in render_annotated
    return self.render(context)
           ~~~~~~~~~~~^^^^^^^^^
  File "C:\Users\CS\venv\Lib\site-packages\django\template\defaulttags.py", line 333, in render
    return nodelist.render(context)
           ~~~~~~~~~~~~~~~^^^^^^^^^
  File "C:\Users\CS\venv\Lib\site-packages\django\template\base.py", line 1091, in render
    return SafeString("".join([node.render_annotated(context) for node in self]))
                               ~~~~~~~~~~~~~~~~~~~~~^^^^^^^^^
  File "C:\Users\CS\venv\Lib\site-packages\django\template\base.py", line 1052, in render_annotated
    return self.render(context)
           ~~~~~~~~~~~^^^^^^^^^
  File "C:\Users\CS\venv\Lib\site-packages\django\template\defaulttags.py", line 333, in render
    return nodelist.render(context)
           ~~~~~~~~~~~~~~~^^^^^^^^^
  File "C:\Users\CS\venv\Lib\site-packages\django\template\base.py", line 1091, in render
    return SafeString("".join([node.render_annotated(context) for node in self]))
                               ~~~~~~~~~~~~~~~~~~~~~^^^^^^^^^
  File "C:\Users\CS\venv\Lib\site-packages\django\template\base.py", line 1052, in render_annotated
    return self.render(context)
           ~~~~~~~~~~~^^^^^^^^^
  File "C:\Users\CS\venv\Lib\site-packages\django\template\base.py", line 1150, in render
    output = self.filter_expression.resolve(context)
  File "C:\Users\CS\venv\Lib\site-packages\django\template\base.py", line 788, in resolve
    obj = self.var.resolve(context)
  File "C:\Users\CS\venv\Lib\site-packages\django\template\base.py", line 928, in resolve
    value = self._resolve_lookup(context)
  File "C:\Users\CS\venv\Lib\site-packages\django\template\base.py", line 1000, in _resolve_lookup
    current = current()
  File "C:\Users\CS\venv\Lib\site-packages\django\contrib\admin\helpers.py", line 278, in contents
    f, attr, value = lookup_field(field, obj, model_admin)
                     ~~~~~~~~~~~~^^^^^^^^^^^^^^^^^^^^^^^^^
  File "C:\Users\CS\venv\Lib\site-packages\django\contrib\admin\utils.py", line 302, in lookup_field
    value = attr(obj)
  File "C:\Users\CS\OneDrive\Desktop\PROJECTS\kmpn\resources\admin.py", line 341, in preview_link
    url = reverse('resources:detail', kwargs={'slug': obj.slug})
  File "C:\Users\CS\venv\Lib\site-packages\django\urls\base.py", line 98, in reverse
    resolved_url = resolver._reverse_with_prefix(view, prefix, *args, **kwargs)
  File "C:\Users\CS\venv\Lib\site-packages\django\urls\resolvers.py", line 842, in _reverse_with_prefix
    raise NoReverseMatch(msg)
django.urls.exceptions.NoReverseMatch: Reverse for 'detail' with keyword arguments '{'slug': ''}' not found. 1 pattern(s) tried: ['resources/(?P<slug>[-a-zA-Z0-9_]+)/\\Z']
ERROR 2026-07-28 15:30:43,050 log 4344 9200 "GET /admin/resources/resource/add/ HTTP/1.1" 500 633431
ERROR 2026-07-28 15:32:32,266 log 8672 7880 Internal Server Error: /admin/resources/resource/add/
Traceback (most recent call last):
  File "C:\Users\CS\venv\Lib\site-packages\django\db\models\options.py", line 684, in get_field
    return self.fields_map[field_name]
           ~~~~~~~~~~~~~~~^^^^^^^^^^^^
KeyError: 'preview_link'

During handling of the above exception, another exception occurred:

Traceback (most recent call last):
  File "C:\Users\CS\venv\Lib\site-packages\django\contrib\admin\utils.py", line 293, in lookup_field
    f = _get_non_gfk_field(opts, name)
  File "C:\Users\CS\venv\Lib\site-packages\django\contrib\admin\utils.py", line 333, in _get_non_gfk_field
    field = opts.get_field(name)
  File "C:\Users\CS\venv\Lib\site-packages\django\db\models\options.py", line 686, in get_field
    raise FieldDoesNotExist(
        "%s has no field named '%s'" % (self.object_name, field_name)
    )
django.core.exceptions.FieldDoesNotExist: Resource has no field named 'preview_link'

During handling of the above exception, another exception occurred:

Traceback (most recent call last):
  File "C:\Users\CS\venv\Lib\site-packages\django\core\handlers\exception.py", line 55, in inner
    response = get_response(request)
  File "C:\Users\CS\venv\Lib\site-packages\django\core\handlers\base.py", line 221, in _get_response
    response = response.render()
  File "C:\Users\CS\venv\Lib\site-packages\django\template\response.py", line 114, in render
    self.content = self.rendered_content
                   ^^^^^^^^^^^^^^^^^^^^^
  File "C:\Users\CS\venv\Lib\site-packages\django\template\response.py", line 92, in rendered_content
    return template.render(context, self._request)
           ~~~~~~~~~~~~~~~^^^^^^^^^^^^^^^^^^^^^^^^
  File "C:\Users\CS\venv\Lib\site-packages\django\template\backends\django.py", line 107, in render
    return self.template.render(context)
           ~~~~~~~~~~~~~~~~~~~~^^^^^^^^^
  File "C:\Users\CS\venv\Lib\site-packages\django\template\base.py", line 174, in render
    return self._render(context)
           ~~~~~~~~~~~~^^^^^^^^^
  File "C:\Users\CS\venv\Lib\site-packages\django\template\base.py", line 166, in _render
    return self.nodelist.render(context)
           ~~~~~~~~~~~~~~~~~~~~^^^^^^^^^
  File "C:\Users\CS\venv\Lib\site-packages\django\template\base.py", line 1091, in render
    return SafeString("".join([node.render_annotated(context) for node in self]))
                               ~~~~~~~~~~~~~~~~~~~~~^^^^^^^^^
  File "C:\Users\CS\venv\Lib\site-packages\django\template\base.py", line 1052, in render_annotated
    return self.render(context)
           ~~~~~~~~~~~^^^^^^^^^
  File "C:\Users\CS\venv\Lib\site-packages\django\template\loader_tags.py", line 160, in render
    return compiled_parent._render(context)
           ~~~~~~~~~~~~~~~~~~~~~~~^^^^^^^^^
  File "C:\Users\CS\venv\Lib\site-packages\django\template\base.py", line 166, in _render
    return self.nodelist.render(context)
           ~~~~~~~~~~~~~~~~~~~~^^^^^^^^^
  File "C:\Users\CS\venv\Lib\site-packages\django\template\base.py", line 1091, in render
    return SafeString("".join([node.render_annotated(context) for node in self]))
                               ~~~~~~~~~~~~~~~~~~~~~^^^^^^^^^
  File "C:\Users\CS\venv\Lib\site-packages\django\template\base.py", line 1052, in render_annotated
    return self.render(context)
           ~~~~~~~~~~~^^^^^^^^^
  File "C:\Users\CS\venv\Lib\site-packages\django\template\loader_tags.py", line 160, in render
    return compiled_parent._render(context)
           ~~~~~~~~~~~~~~~~~~~~~~~^^^^^^^^^
  File "C:\Users\CS\venv\Lib\site-packages\django\template\base.py", line 166, in _render
    return self.nodelist.render(context)
           ~~~~~~~~~~~~~~~~~~~~^^^^^^^^^
  File "C:\Users\CS\venv\Lib\site-packages\django\template\base.py", line 1091, in render
    return SafeString("".join([node.render_annotated(context) for node in self]))
                               ~~~~~~~~~~~~~~~~~~~~~^^^^^^^^^
  File "C:\Users\CS\venv\Lib\site-packages\django\template\base.py", line 1052, in render_annotated
    return self.render(context)
           ~~~~~~~~~~~^^^^^^^^^
  File "C:\Users\CS\venv\Lib\site-packages\django\template\loader_tags.py", line 66, in render
    result = block.nodelist.render(context)
  File "C:\Users\CS\venv\Lib\site-packages\django\template\base.py", line 1091, in render
    return SafeString("".join([node.render_annotated(context) for node in self]))
                               ~~~~~~~~~~~~~~~~~~~~~^^^^^^^^^
  File "C:\Users\CS\venv\Lib\site-packages\django\template\base.py", line 1052, in render_annotated
    return self.render(context)
           ~~~~~~~~~~~^^^^^^^^^
  File "C:\Users\CS\venv\Lib\site-packages\django\template\loader_tags.py", line 66, in render
    result = block.nodelist.render(context)
  File "C:\Users\CS\venv\Lib\site-packages\django\template\base.py", line 1091, in render
    return SafeString("".join([node.render_annotated(context) for node in self]))
                               ~~~~~~~~~~~~~~~~~~~~~^^^^^^^^^
  File "C:\Users\CS\venv\Lib\site-packages\django\template\base.py", line 1052, in render_annotated
    return self.render(context)
           ~~~~~~~~~~~^^^^^^^^^
  File "C:\Users\CS\venv\Lib\site-packages\django\template\defaulttags.py", line 249, in render
    nodelist.append(node.render_annotated(context))
                    ~~~~~~~~~~~~~~~~~~~~~^^^^^^^^^
  File "C:\Users\CS\venv\Lib\site-packages\django\template\base.py", line 1052, in render_annotated
    return self.render(context)
           ~~~~~~~~~~~^^^^^^^^^
  File "C:\Users\CS\venv\Lib\site-packages\django\template\loader_tags.py", line 211, in render
    return template.render(context)
           ~~~~~~~~~~~~~~~^^^^^^^^^
  File "C:\Users\CS\venv\Lib\site-packages\django\template\base.py", line 176, in render
    return self._render(context)
           ~~~~~~~~~~~~^^^^^^^^^
  File "C:\Users\CS\venv\Lib\site-packages\django\template\base.py", line 166, in _render
    return self.nodelist.render(context)
           ~~~~~~~~~~~~~~~~~~~~^^^^^^^^^
  File "C:\Users\CS\venv\Lib\site-packages\django\template\base.py", line 1091, in render
    return SafeString("".join([node.render_annotated(context) for node in self]))
                               ~~~~~~~~~~~~~~~~~~~~~^^^^^^^^^
  File "C:\Users\CS\venv\Lib\site-packages\django\template\base.py", line 1052, in render_annotated
    return self.render(context)
           ~~~~~~~~~~~^^^^^^^^^
  File "C:\Users\CS\venv\Lib\site-packages\django\template\defaulttags.py", line 249, in render
    nodelist.append(node.render_annotated(context))
                    ~~~~~~~~~~~~~~~~~~~~~^^^^^^^^^
  File "C:\Users\CS\venv\Lib\site-packages\django\template\base.py", line 1052, in render_annotated
    return self.render(context)
           ~~~~~~~~~~~^^^^^^^^^
  File "C:\Users\CS\venv\Lib\site-packages\django\template\defaulttags.py", line 249, in render
    nodelist.append(node.render_annotated(context))
                    ~~~~~~~~~~~~~~~~~~~~~^^^^^^^^^
  File "C:\Users\CS\venv\Lib\site-packages\django\template\base.py", line 1052, in render_annotated
    return self.render(context)
           ~~~~~~~~~~~^^^^^^^^^
  File "C:\Users\CS\venv\Lib\site-packages\django\template\defaulttags.py", line 333, in render
    return nodelist.render(context)
           ~~~~~~~~~~~~~~~^^^^^^^^^
  File "C:\Users\CS\venv\Lib\site-packages\django\template\base.py", line 1091, in render
    return SafeString("".join([node.render_annotated(context) for node in self]))
                               ~~~~~~~~~~~~~~~~~~~~~^^^^^^^^^
  File "C:\Users\CS\venv\Lib\site-packages\django\template\base.py", line 1052, in render_annotated
    return self.render(context)
           ~~~~~~~~~~~^^^^^^^^^
  File "C:\Users\CS\venv\Lib\site-packages\django\template\defaulttags.py", line 333, in render
    return nodelist.render(context)
           ~~~~~~~~~~~~~~~^^^^^^^^^
  File "C:\Users\CS\venv\Lib\site-packages\django\template\base.py", line 1091, in render
    return SafeString("".join([node.render_annotated(context) for node in self]))
                               ~~~~~~~~~~~~~~~~~~~~~^^^^^^^^^
  File "C:\Users\CS\venv\Lib\site-packages\django\template\base.py", line 1052, in render_annotated
    return self.render(context)
           ~~~~~~~~~~~^^^^^^^^^
  File "C:\Users\CS\venv\Lib\site-packages\django\template\base.py", line 1150, in render
    output = self.filter_expression.resolve(context)
  File "C:\Users\CS\venv\Lib\site-packages\django\template\base.py", line 788, in resolve
    obj = self.var.resolve(context)
  File "C:\Users\CS\venv\Lib\site-packages\django\template\base.py", line 928, in resolve
    value = self._resolve_lookup(context)
  File "C:\Users\CS\venv\Lib\site-packages\django\template\base.py", line 1000, in _resolve_lookup
    current = current()
  File "C:\Users\CS\venv\Lib\site-packages\django\contrib\admin\helpers.py", line 278, in contents
    f, attr, value = lookup_field(field, obj, model_admin)
                     ~~~~~~~~~~~~^^^^^^^^^^^^^^^^^^^^^^^^^
  File "C:\Users\CS\venv\Lib\site-packages\django\contrib\admin\utils.py", line 302, in lookup_field
    value = attr(obj)
  File "C:\Users\CS\OneDrive\Desktop\PROJECTS\kmpn\resources\admin.py", line 349, in preview_link
    return format_html('<span style="color: #6c757d;">Not published</span>')
  File "C:\Users\CS\venv\Lib\site-packages\django\utils\html.py", line 137, in format_html
    raise TypeError("args or kwargs must be provided.")
TypeError: args or kwargs must be provided.
ERROR 2026-07-28 15:32:32,722 log 8672 7880 "GET /admin/resources/resource/add/ HTTP/1.1" 500 622771
ERROR 2026-07-28 16:39:32,830 log 6564 6240 Internal Server Error: /communities/ai-research-community/post/create/
Traceback (most recent call last):
  File "C:\Users\CS\venv\Lib\site-packages\django\core\handlers\exception.py", line 55, in inner
    response = get_response(request)
  File "C:\Users\CS\venv\Lib\site-packages\django\core\handlers\base.py", line 198, in _get_response
    response = wrapped_callback(request, *callback_args, **callback_kwargs)
  File "C:\Users\CS\venv\Lib\site-packages\django\contrib\auth\decorators.py", line 59, in _view_wrapper
    return view_func(request, *args, **kwargs)
  File "C:\Users\CS\OneDrive\Desktop\PROJECTS\kmpn\accounts\decorators.py", line 110, in wrapper
    response = view_func(request, *args, **kwargs)
  File "C:\Users\CS\OneDrive\Desktop\PROJECTS\kmpn\communities\views.py", line 657, in create_post
    return render(request, 'communities/create_post.html', context)
  File "C:\Users\CS\venv\Lib\site-packages\django\shortcuts.py", line 25, in render
    content = loader.render_to_string(template_name, context, request, using=using)
  File "C:\Users\CS\venv\Lib\site-packages\django\template\loader.py", line 61, in render_to_string
    template = get_template(template_name, using=using)
  File "C:\Users\CS\venv\Lib\site-packages\django\template\loader.py", line 19, in get_template
    raise TemplateDoesNotExist(template_name, chain=chain)
django.template.exceptions.TemplateDoesNotExist: communities/create_post.html
ERROR 2026-07-28 16:39:33,055 log 6564 6240 "GET /communities/ai-research-community/post/create/ HTTP/1.1" 500 114918
ERROR 2026-07-28 16:46:23,347 log 6564 6240 Internal Server Error: /communities/ai-research-community/post/1/
Traceback (most recent call last):
  File "C:\Users\CS\venv\Lib\site-packages\django\core\handlers\exception.py", line 55, in inner
    response = get_response(request)
  File "C:\Users\CS\venv\Lib\site-packages\django\core\handlers\base.py", line 198, in _get_response
    response = wrapped_callback(request, *callback_args, **callback_kwargs)
  File "C:\Users\CS\OneDrive\Desktop\PROJECTS\kmpn\communities\views.py", line 719, in post_detail
    return render(request, 'communities/post_detail.html', context)
  File "C:\Users\CS\venv\Lib\site-packages\django\shortcuts.py", line 25, in render
    content = loader.render_to_string(template_name, context, request, using=using)
  File "C:\Users\CS\venv\Lib\site-packages\django\template\loader.py", line 61, in render_to_string
    template = get_template(template_name, using=using)
  File "C:\Users\CS\venv\Lib\site-packages\django\template\loader.py", line 19, in get_template
    raise TemplateDoesNotExist(template_name, chain=chain)
django.template.exceptions.TemplateDoesNotExist: communities/post_detail.html
ERROR 2026-07-28 16:46:23,350 log 6564 6240 "GET /communities/ai-research-community/post/1/ HTTP/1.1" 500 105669
WARNING 2026-07-30 10:46:32,596 log 5312 10828 Not Found: /favicon.ico
WARNING 2026-07-30 10:46:32,648 log 5312 10828 "GET /favicon.ico HTTP/1.1" 404 5301
ERROR 2026-07-30 11:24:47,004 log 5312 224 Internal Server Error: /accounts/dashboard/alumni/
Traceback (most recent call last):
  File "C:\Users\CS\venv\Lib\site-packages\django\template\backends\django.py", line 107, in render
    return self.template.render(context)
           ~~~~~~~~~~~~~~~~~~~~^^^^^^^^^
  File "C:\Users\CS\venv\Lib\site-packages\django\template\base.py", line 174, in render
    return self._render(context)
           ~~~~~~~~~~~~^^^^^^^^^
  File "C:\Users\CS\venv\Lib\site-packages\django\template\base.py", line 166, in _render
    return self.nodelist.render(context)
           ~~~~~~~~~~~~~~~~~~~~^^^^^^^^^
  File "C:\Users\CS\venv\Lib\site-packages\django\template\base.py", line 1091, in render
    return SafeString("".join([node.render_annotated(context) for node in self]))
                               ~~~~~~~~~~~~~~~~~~~~~^^^^^^^^^
  File "C:\Users\CS\venv\Lib\site-packages\django\template\base.py", line 1052, in render_annotated
    return self.render(context)
           ~~~~~~~~~~~^^^^^^^^^
  File "C:\Users\CS\venv\Lib\site-packages\django\template\loader_tags.py", line 135, in render
    compiled_parent = self.get_parent(context)
  File "C:\Users\CS\venv\Lib\site-packages\django\template\loader_tags.py", line 132, in get_parent
    return self.find_template(parent, context)
           ~~~~~~~~~~~~~~~~~~^^^^^^^^^^^^^^^^^
  File "C:\Users\CS\venv\Lib\site-packages\django\template\loader_tags.py", line 110, in find_template
    template, origin = context.template.engine.find_template(
                       ~~~~~~~~~~~~~~~~~~~~~~~~~~~~~~~~~~~~~^
        template_name,
        ^^^^^^^^^^^^^^
        skip=history,
        ^^^^^^^^^^^^^
    )
    ^
  File "C:\Users\CS\venv\Lib\site-packages\django\template\engine.py", line 163, in find_template
    raise TemplateDoesNotExist(name, tried=tried)
django.template.exceptions.TemplateDoesNotExist: dashboard/base.html

The above exception was the direct cause of the following exception:

Traceback (most recent call last):
  File "C:\Users\CS\venv\Lib\site-packages\django\core\handlers\exception.py", line 55, in inner
    response = get_response(request)
  File "C:\Users\CS\venv\Lib\site-packages\django\core\handlers\base.py", line 198, in _get_response
    response = wrapped_callback(request, *callback_args, **callback_kwargs)
  File "C:\Users\CS\venv\Lib\site-packages\django\contrib\auth\decorators.py", line 59, in _view_wrapper
    return view_func(request, *args, **kwargs)
  File "C:\Users\CS\OneDrive\Desktop\PROJECTS\kmpn\accounts\views.py", line 573, in alumni_dashboard
    return render(request, 'dashboard/alumni.html', context)
  File "C:\Users\CS\venv\Lib\site-packages\django\shortcuts.py", line 25, in render
    content = loader.render_to_string(template_name, context, request, using=using)
  File "C:\Users\CS\venv\Lib\site-packages\django\template\loader.py", line 62, in render_to_string
    return template.render(context, request)
           ~~~~~~~~~~~~~~~^^^^^^^^^^^^^^^^^^
  File "C:\Users\CS\venv\Lib\site-packages\django\template\backends\django.py", line 109, in render
    reraise(exc, self.backend)
    ~~~~~~~^^^^^^^^^^^^^^^^^^^
  File "C:\Users\CS\venv\Lib\site-packages\django\template\backends\django.py", line 130, in reraise
    raise new from exc
django.template.exceptions.TemplateDoesNotExist: dashboard/base.html
ERROR 2026-07-30 11:24:48,240 log 5312 224 "GET /accounts/dashboard/alumni/ HTTP/1.1" 500 156212
WARNING 2026-07-30 11:45:52,387 log 5312 7860 The request's session was deleted before the request completed. The user may have logged out in a concurrent request, for example.: /admin/accounts/user/
Traceback (most recent call last):
  File "C:\Users\CS\venv\Lib\site-packages\django\contrib\sessions\backends\db.py", line 127, in save
    obj.save(
    ~~~~~~~~^
        force_insert=must_create, force_update=not must_create, using=using
        ^^^^^^^^^^^^^^^^^^^^^^^^^^^^^^^^^^^^^^^^^^^^^^^^^^^^^^^^^^^^^^^^^^^
    )
    ^
  File "C:\Users\CS\venv\Lib\site-packages\django\db\models\base.py", line 874, in save
    self.save_base(
    ~~~~~~~~~~~~~~^
        using=using,
        ^^^^^^^^^^^^
    ...<2 lines>...
        update_fields=update_fields,
        ^^^^^^^^^^^^^^^^^^^^^^^^^^^^
    )
    ^
  File "C:\Users\CS\venv\Lib\site-packages\django\db\models\base.py", line 966, in save_base
    updated = self._save_table(
        raw,
    ...<4 lines>...
        update_fields,
    )
  File "C:\Users\CS\venv\Lib\site-packages\django\db\models\base.py", line 1122, in _save_table
    raise self.NotUpdated("Forced update did not affect any rows.")
django.contrib.sessions.models.Session.NotUpdated: Forced update did not affect any rows.

During handling of the above exception, another exception occurred:

Traceback (most recent call last):
  File "C:\Users\CS\venv\Lib\site-packages\django\contrib\sessions\middleware.py", line 60, in process_response
    request.session.save()
    ~~~~~~~~~~~~~~~~~~~~^^
  File "C:\Users\CS\venv\Lib\site-packages\django\contrib\sessions\backends\db.py", line 136, in save
    raise UpdateError
django.contrib.sessions.backends.base.UpdateError

During handling of the above exception, another exception occurred:

Traceback (most recent call last):
  File "C:\Users\CS\venv\Lib\site-packages\django\core\handlers\exception.py", line 55, in inner
    response = get_response(request)
  File "C:\Users\CS\venv\Lib\site-packages\django\utils\deprecation.py", line 311, in __call__
    response = self.process_response(request, response)
  File "C:\Users\CS\venv\Lib\site-packages\django\contrib\sessions\middleware.py", line 62, in process_response
    raise SessionInterrupted(
    ...<3 lines>...
    )
django.contrib.sessions.exceptions.SessionInterrupted: The request's session was deleted before the request completed. The user may have logged out in a concurrent request, for example.
WARNING 2026-07-30 11:45:52,657 log 5312 7860 "GET /admin/accounts/user/ HTTP/1.1" 400 119298
WARNING 2026-07-30 11:47:34,096 log 5312 244 Forbidden (CSRF token from POST incorrect.): /accounts/login/
WARNING 2026-07-30 11:47:34,748 log 5312 244 "POST /accounts/login/ HTTP/1.1" 403 2503
ERROR 2026-07-30 11:48:39,249 log 5312 244 Internal Server Error: /accounts/dashboard/researcher/
Traceback (most recent call last):
  File "C:\Users\CS\venv\Lib\site-packages\django\urls\base.py", line 81, in reverse
    extra, resolver = resolver.namespace_dict[ns]
                      ~~~~~~~~~~~~~~~~~~~~~~~^^^^
KeyError: 'research'

During handling of the above exception, another exception occurred:

Traceback (most recent call last):
  File "C:\Users\CS\venv\Lib\site-packages\django\core\handlers\exception.py", line 55, in inner
    response = get_response(request)
  File "C:\Users\CS\venv\Lib\site-packages\django\core\handlers\base.py", line 198, in _get_response
    response = wrapped_callback(request, *callback_args, **callback_kwargs)
  File "C:\Users\CS\venv\Lib\site-packages\django\contrib\auth\decorators.py", line 59, in _view_wrapper
    return view_func(request, *args, **kwargs)
  File "C:\Users\CS\OneDrive\Desktop\PROJECTS\kmpn\accounts\views.py", line 587, in researcher_dashboard
    return render(request, 'dashboard/researcher.html', context)
  File "C:\Users\CS\venv\Lib\site-packages\django\shortcuts.py", line 25, in render
    content = loader.render_to_string(template_name, context, request, using=using)
  File "C:\Users\CS\venv\Lib\site-packages\django\template\loader.py", line 62, in render_to_string
    return template.render(context, request)
           ~~~~~~~~~~~~~~~^^^^^^^^^^^^^^^^^^
  File "C:\Users\CS\venv\Lib\site-packages\django\template\backends\django.py", line 107, in render
    return self.template.render(context)
           ~~~~~~~~~~~~~~~~~~~~^^^^^^^^^
  File "C:\Users\CS\venv\Lib\site-packages\django\template\base.py", line 174, in render
    return self._render(context)
           ~~~~~~~~~~~~^^^^^^^^^
  File "C:\Users\CS\venv\Lib\site-packages\django\template\base.py", line 166, in _render
    return self.nodelist.render(context)
           ~~~~~~~~~~~~~~~~~~~~^^^^^^^^^
  File "C:\Users\CS\venv\Lib\site-packages\django\template\base.py", line 1091, in render
    return SafeString("".join([node.render_annotated(context) for node in self]))
                               ~~~~~~~~~~~~~~~~~~~~~^^^^^^^^^
  File "C:\Users\CS\venv\Lib\site-packages\django\template\base.py", line 1052, in render_annotated
    return self.render(context)
           ~~~~~~~~~~~^^^^^^^^^
  File "C:\Users\CS\venv\Lib\site-packages\django\template\loader_tags.py", line 160, in render
    return compiled_parent._render(context)
           ~~~~~~~~~~~~~~~~~~~~~~~^^^^^^^^^
  File "C:\Users\CS\venv\Lib\site-packages\django\template\base.py", line 166, in _render
    return self.nodelist.render(context)
           ~~~~~~~~~~~~~~~~~~~~^^^^^^^^^
  File "C:\Users\CS\venv\Lib\site-packages\django\template\base.py", line 1091, in render
    return SafeString("".join([node.render_annotated(context) for node in self]))
                               ~~~~~~~~~~~~~~~~~~~~~^^^^^^^^^
  File "C:\Users\CS\venv\Lib\site-packages\django\template\base.py", line 1052, in render_annotated
    return self.render(context)
           ~~~~~~~~~~~^^^^^^^^^
  File "C:\Users\CS\venv\Lib\site-packages\django\template\loader_tags.py", line 160, in render
    return compiled_parent._render(context)
           ~~~~~~~~~~~~~~~~~~~~~~~^^^^^^^^^
  File "C:\Users\CS\venv\Lib\site-packages\django\template\base.py", line 166, in _render
    return self.nodelist.render(context)
           ~~~~~~~~~~~~~~~~~~~~^^^^^^^^^
  File "C:\Users\CS\venv\Lib\site-packages\django\template\base.py", line 1091, in render
    return SafeString("".join([node.render_annotated(context) for node in self]))
                               ~~~~~~~~~~~~~~~~~~~~~^^^^^^^^^
  File "C:\Users\CS\venv\Lib\site-packages\django\template\base.py", line 1052, in render_annotated
    return self.render(context)
           ~~~~~~~~~~~^^^^^^^^^
  File "C:\Users\CS\venv\Lib\site-packages\django\template\loader_tags.py", line 66, in render
    result = block.nodelist.render(context)
  File "C:\Users\CS\venv\Lib\site-packages\django\template\base.py", line 1091, in render
    return SafeString("".join([node.render_annotated(context) for node in self]))
                               ~~~~~~~~~~~~~~~~~~~~~^^^^^^^^^
  File "C:\Users\CS\venv\Lib\site-packages\django\template\base.py", line 1052, in render_annotated
    return self.render(context)
           ~~~~~~~~~~~^^^^^^^^^
  File "C:\Users\CS\venv\Lib\site-packages\django\template\loader_tags.py", line 66, in render
    result = block.nodelist.render(context)
  File "C:\Users\CS\venv\Lib\site-packages\django\template\base.py", line 1091, in render
    return SafeString("".join([node.render_annotated(context) for node in self]))
                               ~~~~~~~~~~~~~~~~~~~~~^^^^^^^^^
  File "C:\Users\CS\venv\Lib\site-packages\django\template\base.py", line 1052, in render_annotated
    return self.render(context)
           ~~~~~~~~~~~^^^^^^^^^
  File "C:\Users\CS\venv\Lib\site-packages\django\template\defaulttags.py", line 511, in render
    url = reverse(view_name, args=args, kwargs=kwargs, current_app=current_app)
  File "C:\Users\CS\venv\Lib\site-packages\django\urls\base.py", line 92, in reverse
    raise NoReverseMatch("%s is not a registered namespace" % key)
django.urls.exceptions.NoReverseMatch: 'research' is not a registered namespace
ERROR 2026-07-30 11:48:39,544 log 5312 244 "GET /accounts/dashboard/researcher/ HTTP/1.1" 500 227888
WARNING 2026-07-30 11:53:38,183 log 5312 7548 Not Found: /api/research/notifications/
WARNING 2026-07-30 11:53:38,184 log 5312 7548 "GET /api/research/notifications/ HTTP/1.1" 404 30210
WARNING 2026-07-30 11:54:38,133 log 5312 7548 Not Found: /api/research/notifications/
WARNING 2026-07-30 11:54:38,149 log 5312 7548 "GET /api/research/notifications/ HTTP/1.1" 404 30210
WARNING 2026-07-30 11:55:37,089 log 5312 7548 Not Found: /api/research/notifications/
WARNING 2026-07-30 11:55:37,090 log 5312 7548 "GET /api/research/notifications/ HTTP/1.1" 404 30210
WARNING 2026-07-30 11:56:36,577 log 5312 7548 Not Found: /api/research/notifications/
WARNING 2026-07-30 11:56:36,579 log 5312 7548 "GET /api/research/notifications/ HTTP/1.1" 404 30210
ERROR 2026-07-30 12:13:19,686 log 5312 7548 Internal Server Error: /accounts/dashboard/executive/
Traceback (most recent call last):
  File "C:\Users\CS\venv\Lib\site-packages\django\urls\base.py", line 81, in reverse
    extra, resolver = resolver.namespace_dict[ns]
                      ~~~~~~~~~~~~~~~~~~~~~~~^^^^
KeyError: 'executive'

During handling of the above exception, another exception occurred:

Traceback (most recent call last):
  File "C:\Users\CS\venv\Lib\site-packages\django\core\handlers\exception.py", line 55, in inner
    response = get_response(request)
  File "C:\Users\CS\venv\Lib\site-packages\django\core\handlers\base.py", line 198, in _get_response
    response = wrapped_callback(request, *callback_args, **callback_kwargs)
  File "C:\Users\CS\venv\Lib\site-packages\django\contrib\auth\decorators.py", line 59, in _view_wrapper
    return view_func(request, *args, **kwargs)
  File "C:\Users\CS\OneDrive\Desktop\PROJECTS\kmpn\accounts\decorators.py", line 32, in wrapper
    return view_func(request, *args, **kwargs)
  File "C:\Users\CS\OneDrive\Desktop\PROJECTS\kmpn\accounts\views.py", line 517, in executive_dashboard
    return render(request, 'dashboard/executive.html', context)
  File "C:\Users\CS\venv\Lib\site-packages\django\shortcuts.py", line 25, in render
    content = loader.render_to_string(template_name, context, request, using=using)
  File "C:\Users\CS\venv\Lib\site-packages\django\template\loader.py", line 62, in render_to_string
    return template.render(context, request)
           ~~~~~~~~~~~~~~~^^^^^^^^^^^^^^^^^^
  File "C:\Users\CS\venv\Lib\site-packages\django\template\backends\django.py", line 107, in render
    return self.template.render(context)
           ~~~~~~~~~~~~~~~~~~~~^^^^^^^^^
  File "C:\Users\CS\venv\Lib\site-packages\django\template\base.py", line 174, in render
    return self._render(context)
           ~~~~~~~~~~~~^^^^^^^^^
  File "C:\Users\CS\venv\Lib\site-packages\django\template\base.py", line 166, in _render
    return self.nodelist.render(context)
           ~~~~~~~~~~~~~~~~~~~~^^^^^^^^^
  File "C:\Users\CS\venv\Lib\site-packages\django\template\base.py", line 1091, in render
    return SafeString("".join([node.render_annotated(context) for node in self]))
                               ~~~~~~~~~~~~~~~~~~~~~^^^^^^^^^
  File "C:\Users\CS\venv\Lib\site-packages\django\template\base.py", line 1052, in render_annotated
    return self.render(context)
           ~~~~~~~~~~~^^^^^^^^^
  File "C:\Users\CS\venv\Lib\site-packages\django\template\loader_tags.py", line 160, in render
    return compiled_parent._render(context)
           ~~~~~~~~~~~~~~~~~~~~~~~^^^^^^^^^
  File "C:\Users\CS\venv\Lib\site-packages\django\template\base.py", line 166, in _render
    return self.nodelist.render(context)
           ~~~~~~~~~~~~~~~~~~~~^^^^^^^^^
  File "C:\Users\CS\venv\Lib\site-packages\django\template\base.py", line 1091, in render
    return SafeString("".join([node.render_annotated(context) for node in self]))
                               ~~~~~~~~~~~~~~~~~~~~~^^^^^^^^^
  File "C:\Users\CS\venv\Lib\site-packages\django\template\base.py", line 1052, in render_annotated
    return self.render(context)
           ~~~~~~~~~~~^^^^^^^^^
  File "C:\Users\CS\venv\Lib\site-packages\django\template\loader_tags.py", line 160, in render
    return compiled_parent._render(context)
           ~~~~~~~~~~~~~~~~~~~~~~~^^^^^^^^^
  File "C:\Users\CS\venv\Lib\site-packages\django\template\base.py", line 166, in _render
    return self.nodelist.render(context)
           ~~~~~~~~~~~~~~~~~~~~^^^^^^^^^
  File "C:\Users\CS\venv\Lib\site-packages\django\template\base.py", line 1091, in render
    return SafeString("".join([node.render_annotated(context) for node in self]))
                               ~~~~~~~~~~~~~~~~~~~~~^^^^^^^^^
  File "C:\Users\CS\venv\Lib\site-packages\django\template\base.py", line 1052, in render_annotated
    return self.render(context)
           ~~~~~~~~~~~^^^^^^^^^
  File "C:\Users\CS\venv\Lib\site-packages\django\template\loader_tags.py", line 66, in render
    result = block.nodelist.render(context)
  File "C:\Users\CS\venv\Lib\site-packages\django\template\base.py", line 1091, in render
    return SafeString("".join([node.render_annotated(context) for node in self]))
                               ~~~~~~~~~~~~~~~~~~~~~^^^^^^^^^
  File "C:\Users\CS\venv\Lib\site-packages\django\template\base.py", line 1052, in render_annotated
    return self.render(context)
           ~~~~~~~~~~~^^^^^^^^^
  File "C:\Users\CS\venv\Lib\site-packages\django\template\loader_tags.py", line 66, in render
    result = block.nodelist.render(context)
  File "C:\Users\CS\venv\Lib\site-packages\django\template\base.py", line 1091, in render
    return SafeString("".join([node.render_annotated(context) for node in self]))
                               ~~~~~~~~~~~~~~~~~~~~~^^^^^^^^^
  File "C:\Users\CS\venv\Lib\site-packages\django\template\base.py", line 1052, in render_annotated
    return self.render(context)
           ~~~~~~~~~~~^^^^^^^^^
  File "C:\Users\CS\venv\Lib\site-packages\django\template\defaulttags.py", line 511, in render
    url = reverse(view_name, args=args, kwargs=kwargs, current_app=current_app)
  File "C:\Users\CS\venv\Lib\site-packages\django\urls\base.py", line 92, in reverse
    raise NoReverseMatch("%s is not a registered namespace" % key)
django.urls.exceptions.NoReverseMatch: 'executive' is not a registered namespace
ERROR 2026-07-30 12:13:19,749 log 5312 7548 "GET /accounts/dashboard/executive/ HTTP/1.1" 500 227809
WARNING 2026-07-30 12:16:31,444 log 5312 7548 Not Found: /api/executive/notifications/
WARNING 2026-07-30 12:16:31,446 log 5312 7548 "GET /api/executive/notifications/ HTTP/1.1" 404 30213
ERROR 2026-07-30 12:17:59,963 log 5312 7548 Internal Server Error: /accounts/dashboard/partner/
Traceback (most recent call last):
  File "C:\Users\CS\venv\Lib\site-packages\django\core\handlers\exception.py", line 55, in inner
    response = get_response(request)
  File "C:\Users\CS\venv\Lib\site-packages\django\core\handlers\base.py", line 198, in _get_response
    response = wrapped_callback(request, *callback_args, **callback_kwargs)
  File "C:\Users\CS\venv\Lib\site-packages\django\contrib\auth\decorators.py", line 59, in _view_wrapper
    return view_func(request, *args, **kwargs)
  File "C:\Users\CS\OneDrive\Desktop\PROJECTS\kmpn\accounts\views.py", line 601, in partner_dashboard
    return render(request, 'dashboard/partner.html', context)
  File "C:\Users\CS\venv\Lib\site-packages\django\shortcuts.py", line 25, in render
    content = loader.render_to_string(template_name, context, request, using=using)
  File "C:\Users\CS\venv\Lib\site-packages\django\template\loader.py", line 62, in render_to_string
    return template.render(context, request)
           ~~~~~~~~~~~~~~~^^^^^^^^^^^^^^^^^^
  File "C:\Users\CS\venv\Lib\site-packages\django\template\backends\django.py", line 107, in render
    return self.template.render(context)
           ~~~~~~~~~~~~~~~~~~~~^^^^^^^^^
  File "C:\Users\CS\venv\Lib\site-packages\django\template\base.py", line 174, in render
    return self._render(context)
           ~~~~~~~~~~~~^^^^^^^^^
  File "C:\Users\CS\venv\Lib\site-packages\django\template\base.py", line 166, in _render
    return self.nodelist.render(context)
           ~~~~~~~~~~~~~~~~~~~~^^^^^^^^^
  File "C:\Users\CS\venv\Lib\site-packages\django\template\base.py", line 1091, in render
    return SafeString("".join([node.render_annotated(context) for node in self]))
                               ~~~~~~~~~~~~~~~~~~~~~^^^^^^^^^
  File "C:\Users\CS\venv\Lib\site-packages\django\template\base.py", line 1052, in render_annotated
    return self.render(context)
           ~~~~~~~~~~~^^^^^^^^^
  File "C:\Users\CS\venv\Lib\site-packages\django\template\loader_tags.py", line 160, in render
    return compiled_parent._render(context)
           ~~~~~~~~~~~~~~~~~~~~~~~^^^^^^^^^
  File "C:\Users\CS\venv\Lib\site-packages\django\template\base.py", line 166, in _render
    return self.nodelist.render(context)
           ~~~~~~~~~~~~~~~~~~~~^^^^^^^^^
  File "C:\Users\CS\venv\Lib\site-packages\django\template\base.py", line 1091, in render
    return SafeString("".join([node.render_annotated(context) for node in self]))
                               ~~~~~~~~~~~~~~~~~~~~~^^^^^^^^^
  File "C:\Users\CS\venv\Lib\site-packages\django\template\base.py", line 1052, in render_annotated
    return self.render(context)
           ~~~~~~~~~~~^^^^^^^^^
  File "C:\Users\CS\venv\Lib\site-packages\django\template\loader_tags.py", line 160, in render
    return compiled_parent._render(context)
           ~~~~~~~~~~~~~~~~~~~~~~~^^^^^^^^^
  File "C:\Users\CS\venv\Lib\site-packages\django\template\base.py", line 166, in _render
    return self.nodelist.render(context)
           ~~~~~~~~~~~~~~~~~~~~^^^^^^^^^
  File "C:\Users\CS\venv\Lib\site-packages\django\template\base.py", line 1091, in render
    return SafeString("".join([node.render_annotated(context) for node in self]))
                               ~~~~~~~~~~~~~~~~~~~~~^^^^^^^^^
  File "C:\Users\CS\venv\Lib\site-packages\django\template\base.py", line 1052, in render_annotated
    return self.render(context)
           ~~~~~~~~~~~^^^^^^^^^
  File "C:\Users\CS\venv\Lib\site-packages\django\template\loader_tags.py", line 66, in render
    result = block.nodelist.render(context)
  File "C:\Users\CS\venv\Lib\site-packages\django\template\base.py", line 1091, in render
    return SafeString("".join([node.render_annotated(context) for node in self]))
                               ~~~~~~~~~~~~~~~~~~~~~^^^^^^^^^
  File "C:\Users\CS\venv\Lib\site-packages\django\template\base.py", line 1052, in render_annotated
    return self.render(context)
           ~~~~~~~~~~~^^^^^^^^^
  File "C:\Users\CS\venv\Lib\site-packages\django\template\loader_tags.py", line 66, in render
    result = block.nodelist.render(context)
  File "C:\Users\CS\venv\Lib\site-packages\django\template\base.py", line 1091, in render
    return SafeString("".join([node.render_annotated(context) for node in self]))
                               ~~~~~~~~~~~~~~~~~~~~~^^^^^^^^^
  File "C:\Users\CS\venv\Lib\site-packages\django\template\base.py", line 1052, in render_annotated
    return self.render(context)
           ~~~~~~~~~~~^^^^^^^^^
  File "C:\Users\CS\venv\Lib\site-packages\django\template\defaulttags.py", line 511, in render
    url = reverse(view_name, args=args, kwargs=kwargs, current_app=current_app)
  File "C:\Users\CS\venv\Lib\site-packages\django\urls\base.py", line 98, in reverse
    resolved_url = resolver._reverse_with_prefix(view, prefix, *args, **kwargs)
  File "C:\Users\CS\venv\Lib\site-packages\django\urls\resolvers.py", line 842, in _reverse_with_prefix
    raise NoReverseMatch(msg)
django.urls.exceptions.NoReverseMatch: Reverse for 'profile_update' not found. 'profile_update' is not a valid view function or pattern name.
ERROR 2026-07-30 12:18:00,086 log 5312 7548 "GET /accounts/dashboard/partner/ HTTP/1.1" 500 214858
WARNING 2026-07-30 16:40:25,682 log 2180 11572 Not Found: /favicon.ico
WARNING 2026-07-30 16:40:25,765 log 2180 11572 "GET /favicon.ico HTTP/1.1" 404 5301
ERROR 2026-07-30 16:52:15,947 log 2180 1220 You're accessing the development server over HTTPS, but it only supports HTTP.
ERROR 2026-07-30 16:52:16,033 log 2180 12300 You're accessing the development server over HTTPS, but it only supports HTTP.
ERROR 2026-07-30 16:52:16,427 log 2180 7292 You're accessing the development server over HTTPS, but it only supports HTTP.
ERROR 2026-07-30 16:52:16,429 log 2180 2516 You're accessing the development server over HTTPS, but it only supports HTTP.
WARNING 2026-07-30 17:09:13,334 log 5604 7224 The request's session was deleted before the request completed. The user may have logged out in a concurrent request, for example.: /admin/login/
Traceback (most recent call last):
  File "C:\Users\CS\venv\Lib\site-packages\django\contrib\sessions\backends\db.py", line 127, in save
    obj.save(
    ~~~~~~~~^
        force_insert=must_create, force_update=not must_create, using=using
        ^^^^^^^^^^^^^^^^^^^^^^^^^^^^^^^^^^^^^^^^^^^^^^^^^^^^^^^^^^^^^^^^^^^
    )
    ^
  File "C:\Users\CS\venv\Lib\site-packages\django\db\models\base.py", line 874, in save
    self.save_base(
    ~~~~~~~~~~~~~~^
        using=using,
        ^^^^^^^^^^^^
    ...<2 lines>...
        update_fields=update_fields,
        ^^^^^^^^^^^^^^^^^^^^^^^^^^^^
    )
    ^
  File "C:\Users\CS\venv\Lib\site-packages\django\db\models\base.py", line 966, in save_base
    updated = self._save_table(
        raw,
    ...<4 lines>...
        update_fields,
    )
  File "C:\Users\CS\venv\Lib\site-packages\django\db\models\base.py", line 1122, in _save_table
    raise self.NotUpdated("Forced update did not affect any rows.")
django.contrib.sessions.models.Session.NotUpdated: Forced update did not affect any rows.

During handling of the above exception, another exception occurred:

Traceback (most recent call last):
  File "C:\Users\CS\venv\Lib\site-packages\django\contrib\sessions\middleware.py", line 60, in process_response
    request.session.save()
    ~~~~~~~~~~~~~~~~~~~~^^
  File "C:\Users\CS\venv\Lib\site-packages\django\contrib\sessions\backends\db.py", line 136, in save
    raise UpdateError
django.contrib.sessions.backends.base.UpdateError

During handling of the above exception, another exception occurred:

Traceback (most recent call last):
  File "C:\Users\CS\venv\Lib\site-packages\django\core\handlers\exception.py", line 55, in inner
    response = get_response(request)
  File "C:\Users\CS\venv\Lib\site-packages\django\utils\deprecation.py", line 311, in __call__
    response = self.process_response(request, response)
  File "C:\Users\CS\venv\Lib\site-packages\django\contrib\sessions\middleware.py", line 62, in process_response
    raise SessionInterrupted(
    ...<3 lines>...
    )
django.contrib.sessions.exceptions.SessionInterrupted: The request's session was deleted before the request completed. The user may have logged out in a concurrent request, for example.
WARNING 2026-07-30 17:34:47,615 log 224 5376 Forbidden (CSRF token from POST incorrect.): /accounts/login/
WARNING 2026-07-30 17:34:49,451 log 224 5376 "POST /accounts/login/ HTTP/1.1" 403 2503
WARNING 2026-07-31 10:08:35,265 log 9472 2284 Not Found: /favicon.ico
WARNING 2026-07-31 10:08:35,365 log 9472 2284 "GET /favicon.ico HTTP/1.1" 404 5301
WARNING 2026-08-07 15:39:34,067 log 2704 6868 Not Found: /favicon.ico
WARNING 2026-08-07 15:39:34,569 log 2704 6868 "GET /favicon.ico HTTP/1.1" 404 5301
WARNING 2026-09-03 15:44:20,366 log 10600 7504 Not Found: /favicon.ico
WARNING 2026-09-03 15:44:20,478 log 10600 7504 "GET /favicon.ico HTTP/1.1" 404 5301
ERROR 2026-09-03 16:52:32,868 log 9624 2608 Internal Server Error: /members/manage-verifications/
Traceback (most recent call last):
  File "C:\Users\CS\venv\Lib\site-packages\django\core\handlers\exception.py", line 55, in inner
    response = get_response(request)
  File "C:\Users\CS\venv\Lib\site-packages\django\core\handlers\base.py", line 198, in _get_response
    response = wrapped_callback(request, *callback_args, **callback_kwargs)
  File "C:\Users\CS\venv\Lib\site-packages\django\contrib\auth\decorators.py", line 59, in _view_wrapper
    return view_func(request, *args, **kwargs)
  File "C:\Users\CS\OneDrive\Desktop\PROJECTS\kmpn\accounts\decorators.py", line 32, in wrapper
    return view_func(request, *args, **kwargs)
  File "C:\Users\CS\OneDrive\Desktop\PROJECTS\kmpn\members\views.py", line 260, in manage_verifications
    return render(request, 'members/manage_verifications.html', context)
  File "C:\Users\CS\venv\Lib\site-packages\django\shortcuts.py", line 25, in render
    content = loader.render_to_string(template_name, context, request, using=using)
  File "C:\Users\CS\venv\Lib\site-packages\django\template\loader.py", line 61, in render_to_string
    template = get_template(template_name, using=using)
  File "C:\Users\CS\venv\Lib\site-packages\django\template\loader.py", line 19, in get_template
    raise TemplateDoesNotExist(template_name, chain=chain)
django.template.exceptions.TemplateDoesNotExist: members/manage_verifications.html
ERROR 2026-09-03 16:52:32,991 log 9624 2608 "GET /members/manage-verifications/ HTTP/1.1" 500 115863
